Item Code,Brand ,Model,Type,Reel Type,Length,Joint Type,Power,Power Category,Lure Weight,Action,Material,Guide,Reel Seat,Price,Discount,CR,GV,Warranty,After Discount,Final Price,Balance
393275,Lemax,Pro Tiny,Casting,Spinning,"4'6""",2PCS,3 - 6 LB,Ultra Light,0,Moderate - Fast,Graphite,Normal,Normal,RM89,,,RM 10,0,RM 89,RM 79,0
393276,Lemax,Pro Tiny,Casting,Spinning,"5'2""",2PCS,3 - 8 LB,Ultra Light,0,Moderate,Graphite,Normal,Normal,RM95,,,RM 10,0,RM 95,RM 85,0
713705,Ugly Stik,GX2 USG XSP,Casting,Spinning,"4'9""",1PCS,8 - 20 LB,Medium,0,Extra Fast,0,Normal,Normal,RM159,,,RM 10,0,RM 159,RM 149,0
393416,Lemax,Japan Finnesse Hunter,Casting,Spinning,"5'2""",BJ,3 - 10 LB,Light,0,Slow,Carbon,Normal,Normal,RM99,,,RM 10,0,RM 99,RM 89,0
393461,Lemax,Royal President,Casting,Spinning,"5'2""",2PCS,6 - 12 LB,Medium,0,Fast,Graphite,SiC,Normal,RM95,,,RM 10,0,RM 95,RM 85,0
393025,Lemax,Bomber Max,Casting,Spinning,5',2PCS,6 - 14 LB,Medium,0,Extra Fast,Graphite,Normal,Normal,RM69,,,,0,RM 69,RM 69,0
393564,Lemax,River Monster,Casting,Spinning,5',2PCS,6 - 12 LB,Medium,0,Fast,Graphite,Normal,Normal,RM125,RM 20,,RM 10,0,RM 105,RM 95,0
843141,Bullzen,Dark Fire,Casting,Spinning,5',2PCS,6 - 12 LB,Medium,0,Moderate - Fast,0,Normal,Normal,RM180,,,RM 10,0,RM 180,RM 170,0
393572,Lemax,Raptor-X,Casting,Spinning,"5'6""",2PCS,6 - 15 LB,Medium,0,Fast,0,SiC,Normal,RM89,,,RM 10,0,RM 89,RM 79,0
393565,Lemax,River Monster,Casting,Spinning,"5'6""",2PCS,6 - 15 LB,Medium,0,Fast,0,Normal,Normal,RM130,RM 20,,RM 10,0,RM 110,RM 100,0
543895,Shimano,FX,Casting,Spinning,"5'6""",2PCS,6 - 14 LB,Medium,0,Moderate - Fast,Aeroglass,Normal,Normal,RM45,,,,0,RM 45,RM 45,0
863048,Extend,Shark 13,Casting,Spinning,"5'6""",2PCS,5 - 12 LB,Medium,0,Fast,Carbon,Fuji,Fuji,RM96,,,RM 10,3M,RM 96,RM 86,0
863167,Extend,Shark 12,Casting,Spinning,"5'6""",2PCS,4 - 12 LB,Medium,0,Fast,Carbon,Fuji,Fuji,RM96,,,RM 10,3M,RM 96,RM 86,0
2,Extend,Shark 14,Casting,Spinning,"5'6""",2PCS,5 - 12 LB,Medium,0,Fast,Carbon,Fuji,Fuji,RM96,,,RM 10,3M,RM 96,RM 86,0
393417,Lemax,Japan Finnesse Hunter,Casting,Spinning,"5'6""",BJ,4 - 12 LB,Medium,0,Moderate,Carbon,Normal,Normal,RM109,,,RM 10,0,RM 109,RM 99,0
393277,Lemax,Pro Tiny,Casting,Spinning,"5'6""",2PCS,4 - 10 LB,Light,0,Moderate - Fast,Graphite,Normal,Normal,RM99,,,RM 10,0,RM 99,RM 89,0
393242,Lemax,Platinum Gold Medal,Casting,Spinning,"5'6""",2PCS,4 - 10 LB,Light,0,Moderate - Fast,Graphite,Normal,Normal,RM105,,,RM 10,0,RM 105,RM 95,0
2,Ugly Stik,GX2 USG XSP,Casting,Spinning,"5'6""",2PCS,4 - 10 LB,Light,0,Slow - Moderate,Carbon,Normal,Normal,RM140,,,RM 10,0,RM 140,RM 130,0
843095,Bullzen,Zeus,Casting,Spinning,5',2PCS,12 - 25 LB,Medium Heavy,0,Fast,0,Fuji,Fuji,RM209,,,RM 20,0,RM 209,RM 189,0
103565,Seahawk,Power Seven,Casting,Spinning,5',2PCS,8 - 17 LB,Medium,0,Fast,0,Normal,Normal,RM49,,,,0,RM 49,RM 49,0
843134,Bullzen,Camo Blade XLE,Casting,Spinning,5',2PCS,6 - 12 LB,Medium,0,Fast,0,Normal,Normal,RM145,,,RM 10,0,RM 145,RM 135,0
103565,Seahawk,Power Seven,Casting,Spinning,5',2PCS,8 - 17 LB,Medium,0,Moderate - Fast,0,Normal,Normal,RM49,,,,0,RM 49,RM 49,0
103611,Seahawk,Blazer,Casting,Spinning,"5'6""",2PCS,5 - 12 LB,Medium,0,Fast,0,Normal,Normal,RM100,,,,0,RM 100,RM 100,0
393620,Lemax,Kingmax Extreme,Casting,Spinning,"5'6""",2PCS,6 - 15 LB,Medium,0,Fast,0,Normal,Normal,RM79,,,,0,RM 79,RM 79,0
393462,Lemax,Royal President,Casting,Spinning,"5'6""",2PCS,6 - 15 LB,Medium,0,Moderate - Fast,Graphite,Normal,Normal,RM99,,,RM 10,0,RM 99,RM 89,0
393444,Lemax,Star President,Casting,Spinning,"6'2""",2PCS,6 - 12 LB,Medium,0,Moderate - Fast,Graphite,Fuji,Fuji,RM150,,,RM 20,0,RM 150,RM 130,0
393502,Lemax,Spy Game,Casting,Spinning,"5'6""",2PCS,6 - 15 LB,Medium,0,Moderate,Graphite,Normal,Normal,RM99,,,RM 10,0,RM 99,RM 89,0
303038,Expert Graphite,Kingston,Casting,Spinning,"5'6""",2PCS,8 - 15 LB,Medium,0,Moderate,Carbon,Fuji,Fuji,RM255,,,RM 20,0,RM 255,RM 235,0
393482,Lemax,Red Diamond,Casting,Spinning,"5'6""",2PCS,7 - 14 LB,Medium,0,Moderate - Fast,Graphite,Normal,Normal,RM109,,,RM 10,0,RM 109,RM 99,0
713706,Ugly Stik,GX2 USG XSP,Casting,Spinning,"5'10""",2PCS,8 - 15 LB,Medium,0,Slow - Moderate,Graphite,Normal,Normal,RM145,,,RM 10,0,RM 145,RM 135,0
2,Extend,Shark 21,Casting,Spinning,"5'10""",2PCS,4 - 12 LB,Medium,0,Fast,Carbon,Fuji,Fuji,RM145,,,RM 10,3M,RM 145,RM 135,0
2,Team Seahawk,Gen Ei,Casting,Spinning,"5'10""",1PCS,4 - 10 LB,Light,0,Moderate - Fast,0,Fuji,Fuji,RM180,,,RM 20,0,RM 180,RM 160,0
2,Awa-Shima,Discovery,Casting,Spinning,6',1PCS,4 - 10 LB,Light,0,Slow - Moderate,0,Normal,Normal,RM235,,,,3M,RM 235,RM 235,0
393528,Lemax,Squid Game,Casting,Spinning,6',2PCS,4 - 10 LB,Light,0,Slow - Moderate,0,Normal,Normal,RM125,,,RM 10,0,RM 125,RM 115,0
393551,Lemax,Grand Storm,Casting,Spinning,6',2PCS,5 - 12 LB,Medium,0,Moderate - Fast,0,Normal,Normal,RM119,,,RM 10,0,RM 119,RM 109,0
863178,Extend,Shark 14,Casting,Spinning,6',0,6 - 14 LB,Medium,5-15g,Fast,Carbon,Fuji,Fuji,RM97,,,RM 10,3M,RM 97,RM 87,-1
123114,Relix,Mega Force,Casting,Spinning,6',0,7 - 15 LB,Medium,10-30g,Moderate,Graphite,Normal,Normal,RM89,,,,0,RM 89,RM 89,0
393238,Lemax,Platinum Gold Medal,Casting,Spinning,6',0,6 - 12 LB,Light,25g,Slow - Moderate,Graphite,Normal,Normal,RM115,,,RM 10,0,RM 115,RM 105,0
543890,Shimano,Stimula,Casting,Spinning,6',0,6 - 10 LB,Light,3/16 - 3/8 oz,Moderate - Fast,Graphite,Normal,Normal,RM79,,,,0,RM 79,RM 79,0
393418,Lemax,Japan Finnesse Hunter,Casting,Spinning,"6'2""",0,5 - 15 LB,Medium,7-20G,Slow - Moderate,Graphite,Normal,Normal,RM119,,,RM 20,0,RM 119,RM 99,0
393278,Lemax,Pro Tiny,Casting,Spinning,"6'2""",0,5 - 12 LB,Light,max 20g,Moderate - Fast,Graphite,Normal,Normal,RM109,,,RM 10,0,RM 109,RM 99,0
263444,Eupro,Thunder Stik,Casting,Spinning,"6'2""",0,8 - 17 LB,Medium,7-28g,Fast,Graphite,Fuji,Normal,RM215,,,RM 10,0,RM 215,RM 205,0
103530,Seahawk,Air Wolf,Casting,Spinning,"6'2""",0,6 - 15 LB,Medium,8-20g,Moderate - Fast,Graphite,Normal,Normal,RM79,0,,,0,RM 79,RM 79,0
113647,Daiwa,25' Crossfire-X,Casting,Spinning,"6'2""",0,6 - 15 LB,Medium,5-21G,Moderate - Fast,Graphite,Titanium,Normal,RM125,,,RM 10,0,RM 125,RM 115,-1
543896,Shimano,FX,Casting,Spinning,6',0,6 - 14 LB,Medium,1/8-1/2,Moderate,Graphite,Normal,Normal,RM50,,,,0,RM 50,RM 50,0
543831,Shimano,23' Vengeance AS,Casting,Spinning,6',0,8 - 17 LB,Medium,7-25G,Fast,Graphite,Fuji,Fuji,RM210,,,,12M,RM 210,RM 210,-2
393444,Lemax,Star President,Casting,Spinning,6',0,6 - 12 LB,Medium,5-20g,Fast,Graphite,Fuji,Normal,RM150,,,RM 20,0,RM 150,RM 130,1
283695,Relix Nusantara,Jangkrik Galapung,Casting,Spinning,6',0,6 - 14 LB,Medium,4-20g,Moderate - Fast,Graphite,Fuji,Normal,RM139,,,,12M,RM 139,RM 139,0
713313,Berkley,17' Bass Patrol,Casting,Spinning,6',0,10 - 25 LB,Medium Heavy,1/4 - 1oz,Fast,Graphite,Normal,Normal,RM159,,,RM 10,0,RM 159,RM 149,0
713710,Ugly Stik,Tiger,Casting,Spinning,6',0,10 - 25 LB,Medium Heavy,1/2-1oz,Fast,Graphite,Fuji,Normal,RM249,,,RM 20,0,RM 249,RM 229,0
843097,Bullzen,Zeus,Casting,Spinning,6',0,12 - 25 LB,Medium Heavy,10-30g,Moderate - Fast,Carbon,Fuji,Normal,RM232,,,RM 20,0,RM 232,RM 212,0
863048,Extend,Shark 13,Casting,Spinning,"5'6""",0,5 - 12 LB,Medium,4-14G,Moderate,Carbon,Fuji,Fuji,RM96,,,RM 10,3M,RM 96,RM 86,0
113331,Daiwa,19' Phantom Catfish,Casting,Spinning,6',0,15 - 30 LB,Medium Heavy,100g,Fast,Graphite,Normal,Normal,RM105,,,RM 10,0,RM 105,RM 95,0
123136,Relix,Fantasy,Jigging/ Bottom,Spinning,6',0,1 - 3 PE,Medium Heavy,15-30G,Fast,Graphite,Normal,Normal,RM130,,,RM 10,0,RM 130,RM 120,0
123135,Relix,Fantasy,Jigging/ Bottom,Spinning,6',0,0.8 - 1.5 PE,Medium,7-60G,Moderate,Graphite,Normal,Normal,RM125,,,RM 10,0,RM 125,RM 115,0
863054,Extend,Blue 70 Series,Casting,Spinning,6',2PCS,1 - 3 LB,Medium Heavy,7-23G,Fast,Carbon,Fuji,Fuji,RM191,,,RM 10,3M,RM 191,RM 181,0
863055,Extend,Blue 70 Series,Casting,Spinning,6',2PCS,2 - 4 LB,Medium Heavy,8-36G,Fast,Carbon,Fuji,Fuji,RM192,,,RM 10,3M,RM 192,RM 182,0
863056,Extend,Blue 70 Series,Casting,Spinning,6',2PCS,3 - 5 LB,Heavy,10-38G,Fast,Carbon,Fuji,Fuji,RM193,,,RM 10,3M,RM 193,RM 183,0
113469,Daiwa,20' Phantom,Casting,Spinning,6',0,20 - 40 LB,Heavy,120G,Fast,Graphite,Fuji,Normal,RM165,,,RM 10,0,RM 165,RM 155,-1
283699,Relix Nusantara,Jawara Blue Candy,Casting,Spinning,6',0,8 - 17 LB,Medium,7-28G,Fast,Graphite,Fuji,Normal,RM219,,,,12M,RM 219,RM 219,0
283700,Relix Nusantara,Jawara Blue Candy,Casting,Spinning,6',0,10 - 20 LB,Medium Heavy,10-35G,Fast,Graphite,Fuji,Normal,RM209,,,,12M,RM 209,RM 209,0
283704,Relix Nusantara,Kanera Orange,Jigging/ Bottom,Spinning,"5'6""",0,1 - 2.5 PE,Medium Heavy,7-30G,Fast,Graphite,Fuji,Normal,RM209,,,,12M,RM 209,RM 209,0
843096,Bullzen,Zeus,Casting,Spinning,"5'6""",0,12 - 25 LB,Medium Heavy,10-30G,Fast,Carbon,Fuji,Normal,RM223,,,RM 20,0,RM 223,RM 203,0
393242,Lemax,Platinum Gold Medal,Casting,Spinning,"5'6""",0,4 - 10 LB,Light,18G Max,Slow - Moderate,Graphite,Normal,Normal,RM105,,,RM 10,0,RM 105,RM 95,0
103566,Seahawk,Power Seven,Casting,Spinning,"5'6""",0,8 - 17 LB,Medium,10-25G,Slow - Moderate,Graphite,Normal,Normal,RM55,,,,0,RM 55,RM 55,0
263427,Eupro,Tropical,Casting,Spinning,"5'10""",0,8 - 20 LB,Medium Heavy,7-20G,Moderate,Carbon,Normal,Normal,RM135,,,RM 10,0,RM 135,RM 125,0
263295,Eupro,Confidence,Casting,Spinning,"5'6""",0,8 - 17 LB,Medium,20G max,Moderate - Fast,Graphite,Normal,Normal,RM140,,,RM 10,0,RM 140,RM 130,0
713006,Abu Garcia,24' Revo X,Casting,Spinning,"5'6""",0,8 - 16 LB,Medium,7-18G,Moderate,Graphite,Normal,Normal,RM165,,,RM 10,0,RM 165,RM 155,0
263018,Eupro,Conquerer,Casting,Spinning,6',2PCS,10 - 20 LB,Medium Heavy,0,Fast,Graphite,Normal,Normal,0,,,RM 10,0,RM 135,RM 125,0
263450,Eupro,Twin Craft XDG2,Casting,Spinning,6',2PCS,10 - 22 LB,Medium Heavy,10-35g,Fast,Graphite,Normal,Normal,0,,,RM 10,0,RM 130,RM 120,0
263085,Eupro,Cyclone,Casting,Spinning,6',2PCS,10 - 20 LB,Medium Heavy,0,Fast,Graphite,Normal,Normal,0,,,RM 10,0,RM 125,RM 115,0
263457,Eupro,Confidence,Casting,Spinning,6',2PCS,10 - 20 LB,Medium Heavy,25g max,Fast,Graphite,Normal,Normal,RM145,,,RM 10,0,RM 145,RM 135,0
283697,Relix Nusantara,Jangkrik Galapung,Casting,Spinning,6',2PCS,10 - 20 LB,Medium Heavy,10-35g,Fast,Graphite,Fuji,Normal,RM149,,,,12M,RM 149,RM 149,0
283662,Gtech,Poison Bait,Casting,Spinning,6',1PCS,10 - 20 LB,Medium Heavy,10-20g,Fast,Carbon,SiC,Normal,RM195,,,RM 20,0,RM 195,RM 175,0
113648,Daiwa,Crossfire-X,Casting,Spinning,6',2PCS,10 - 20 LB,Medium Heavy,7-28g,Fast,Graphite,Normal,Normal,RM125,,,RM 10,0,RM 125,RM 115,-2
433085,Kyoda,Dark Water,Casting,Spinning,6',2PCS,8 - 17 LB,Medium,5/8-1 1/9oz,Fast,Carbon,SiC,Fuji,RM390,,,RM 10,0,RM 390,RM 380,0
393199,Lemax,Starevo,Casting,Spinning,6',2PCS,6 - 15 LB,Medium,8-20g,Moderate - Fast,Graphite,Fuji,Normal,RM129,,,RM 10,0,RM 129,RM 119,0
103629,Seahawk,Solid Strike,Casting,Spinning,6',2PCS,8 - 17 LB,Medium,10-20g,Moderate - Fast,Graphite,Normal,Normal,RM130,,,RM 10,0,RM 130,RM 120,0
713707,Ugly Stik,GX2 USGXSP,Casting,Spinning,6',1PCS,8 - 20 LB,Medium Heavy,0,Moderate - Fast,(Comp),Normal,Normal,RM169,,,,0,RM 169,RM 169,0
393483,Lemax,Red Diamond,Casting,Spinning,6',2PCS,8 - 20 LB,Medium Heavy,6-25g,Moderate,Graphite,Normal,Normal,RM115,,,RM 10,0,RM 115,RM 105,0
393027,Lemax,Bombermax (2 Col),Casting,Spinning,6',2PCS,8 - 20 LB,Medium Heavy,10-35g,Moderate - Fast,Graphite,Normal,Normal,RM75,,,,0,RM 75,RM 75,0
393503,Lemax,Spy Game,Casting,Spinning,6',2PCS,8 - 20 LB,Medium Heavy,10-25g,Fast,Graphite,Normal,Normal,RM109,,,RM 10,0,RM 109,RM 99,0
393495,Lemax,Pacific Bull,Casting,Spinning,6',2PCS,8 - 25 LB,Medium Heavy,10-60g,Moderate,Graphite,Normal,Normal,RM65,,,,0,RM 65,RM 65,0
303039,Expert Graphite,Kingston,Casting,Spinning,6',2PCS,10 - 17 LB,Medium,30g max,Moderate - Fast,Graphite,Fuji,Fuji,RM270,RM 30,,RM 20,12M,RM 240,RM 220,0
303002,Expert Graphite,Kingston,Casting,Spinning,6',2PCS,10 - 20 LB,Medium Heavy,25g max,Fast,Graphite,Fuji,Fuji,RM275,RM 30,,RM 20,12M,RM 245,RM 225,0
393158,Lemax,Royal President,Casting,Spinning,6',2PCS,10 - 20 LB,Medium Heavy,35g max,Fast,Graphite,SiC,Normal,RM109,,,RM 10,0,RM 109,RM 99,0
393365,Lemax,Warrior War,Casting,Spinning,6',2PCS,10 - 20 LB,Medium Heavy,12-40g,Fast,Graphite,SiC,Normal,RM155,RM 20,,RM 10,0,RM 135,RM 125,0
263087,Eupro,Tornado Spin,Casting,Spinning,6',2PCS,10 - 20 LB,Medium Heavy,0,Fast,Graphite,Normal,Normal,RM140,,,RM 10,0,RM 140,RM 130,0
863059,Extend,Blue 70 Series,Casting,Spinning,"6'6""",BJ,30 - 50 LB,Heavy,10-38G,Fast,Carbon,Fuji,Fuji,RM196,,,RM 10,3M,RM 196,RM 186,0
863058,Extend,Blue 70 Series,Casting,Spinning,"6'6""",BJ,20 - 40 LB,Heavy,8-36G,Fast,Carbon,Fuji,Fuji,RM195,,,RM 10,3M,RM 195,RM 185,0
713302,Berkley,24' Fireflex,Casting,Spinning,"6'6""",2PCS,15 - 30 LB,Heavy,14-50G,Fast,Graphite,Normal,Normal,RM169,,,RM 10,0,RM 169,RM 159,0
113332,Daiwa,19' Phantom Catfish,Casting,Spinning,"6'6""",2PCS,15 - 30 LB,Heavy,30G Max,Moderate - Fast,Graphite,Normal,Normal,RM109,,,RM 10,0,RM 109,RM 99,0
113471,Daiwa,20' Phantom Versatile,Casting,Spinning,"6'6""",BJ,20 - 40 LB,Heavy,120G Max,Fast,Graphite,Fuji,Normal,RM175,,,RM 10,0,RM 175,RM 165,0
263371,Eupro,Monster Kingbar,Casting,Spinning,"6'6""",2PCS,15 - 30 LB,Heavy,0,Fast,Graphite,Normal,Normal,RM130,,,RM 10,0,RM 130,RM 120,0
713016,Abu Garcia,18' Promax,Casting,Spinning,"6'6""",2PCS,15 - 30 LB,Heavy,3/8 - 2oz,Fast,Graphite,Normal,Normal,RM195,,,RM 10,0,RM 195,RM 185,0
393243,Lemax,River Monster,Casting,Spinning,6',2PCS,8 - 17 LB,Medium,35G Max,Moderate,Graphite,Normal,Normal,RM150,,,RM 10,0,RM 150,RM 140,0
393458,Lemax,Shadow Walker,Casting,Spinning,6',2PCS,8 - 17 LB,Medium,35G Max,Fast,Graphite,Fuji,Normal,RM135,,,RM 10,0,RM 135,RM 125,0
303058,Expert Graphite,Ultimax Rod,Casting,Spinning,6',2PCS,8 - 17 LB,Medium,7-22G,Fast,Graphite,Fuji,Normal,RM295,,,RM 20,12M,RM 295,RM 275,0
843152,Bullzen,Black Hole CA2,Casting,Spinning,6'3,2PCS,8 - 17 LB,Medium,10-28G,Moderate - Fast,Carbon,Normal,Normal,RM140,,,RM 10,0,RM 140,RM 130,-1
843143,Bullzen,Dark Fire,Casting,Spinning,6',2PCS,8 - 17 LB,Medium,18G Max,Fast,Graphite,Normal,Normal,RM195,,,RM 10,0,RM 195,RM 185,0
263300,Eupro,X-Fury,Casting,Spinning,6',2PCS,8 - 17 LB,Medium,7-23G,Fast,Graphite,Normal,Normal,RM180,,,RM 20,0,RM 180,RM 160,0
713703,Ugly Stik,GX2-USGXSP,Casting,Spinning,"6'6""",2PCS,4 - 10 LB,Light,0,Slow,Graphite,Normal,Normal,RM145,,,RM 10,0,RM 145,RM 135,0
824149,Storm,Silver Rage,Casting,Spinning,"6'6""",2PCS,4 - 10 LB,Light,5-10G,Moderate,Graphite,Normal,Normal,RM165,RM 20,,RM 10,0,RM 145,RM 135,0
113426,Daiwa,20' Crossfire-X ULG,Casting,Spinning,"6'6""",2PCS,3 - 8 LB,Ultra Light,2-14G,Fast,Graphite,Titanium,Normal,RM119,,,,0,RM 119,RM 119,0
283719,Gtech,Luna Snow,Casting,Spinning,6'3,2PCS,8 - 17 LB,Medium,5/8 - 1 1/8oz,Fast,Carbon,Normal,Normal,RM240,,,RM 20,0,RM 240,RM 220,0
113564,Daiwa,23' Tornado-X,Casting,Spinning,6'3,2PCS,6 - 16 LB,Medium,6-21G,Fast,Graphite,Fuji,Normal,RM149,,,,0,RM 149,RM 149,0
843151,Bullzen,Black Hole CA2,Casting,Spinning,6'3,2PCS,6 - 12 LB,Light,6-20G,Moderate - Fast,Carbon,Normal,Normal,RM135,,,RM 10,0,RM 135,RM 125,0
863174,Extend,Shark 21,Casting,Spinning,6'3,2PCS,6 - 14 LB,Medium,5-15G,Fast,Carbon,Fuji,Fuji,RM146,,,RM 10,0,RM 146,RM 136,-1
543760,Shimano,Bass One XT 263,Casting,Spinning,6'3,2PCS,4 - 8 LB,Ultra Light,4-12G,Moderate - Fast,Carbon,Fuji,CI4+,RM375,RM 30,,,12M,RM 345,RM 345,0
824122,Rapala,Cloassic Vaaksy,Casting,Spinning,"6'6""",2PCS,4 - 12 LB,Light,3.5-14G,Fast,Graphite,Fuji,Fuji,RM455,RM 40,,RM 30,0,RM 415,RM 385,0
543885,Shimano,Sellus,Casting,Spinning,"6'8""",2PCS,5 - 20 LB,Medium,1/8 - 3/8oz,Fast,Graphite,Normal,Normal,RM155,,,RM 10,0,RM 155,RM 145,0
543891,Shimano,Stimula,Casting,Spinning,"6'6""",2PCS,6 - 10 LB,Light,3/16 - 3/8 oz,Moderate - Fast,Graphite,Normal,Normal,RM95,,,,0,RM 95,RM 95,0
824152,Storm,Silver Rage,Casting,Spinning,"6'6""",2PCS,6 - 12 LB,Medium,5-14G,Fast,Graphite,Normal,Normal,RM165,RM 20,,RM 10,0,RM 145,RM 135,0
393529,Lemax,Squid Game,Casting,Spinning,"6'6""",2PCS,6 - 12 LB,Medium,5-20G,Moderate - Fast,Graphite,Normal,Normal,RM135,,,RM 10,0,RM 135,RM 125,0
113542,Daiwa,Revros Ex,Casting,Spinning,"6'6""",2PCS,6 - 14 LB,Medium,6-18G,Fast,Graphite,Fuji,Normal,RM235,,,RM 10,0,RM 235,RM 225,0
713702,Ugly Stik,GX2 USGXSP,Casting,Spinning,"6'6""",2PCS,6 - 15 LB,Medium,0,Moderate,Graphite,Normal,Normal,RM145,,,RM 10,0,RM 145,RM 135,0
843137,Bullzen,Camo Blade XLE,Casting,Spinning,"6'6""",2PCS,12 - 25 LB,Medium Heavy,1/2 - 1 1/4oz,Fast,Carbon,Normal,Normal,RM160,,,RM 10,0,RM 160,RM 150,0
843098,Bullzen,Zeus,Casting,Spinning,"6'6""",2PCS,12 - 25 LB,Medium Heavy,10-30G,Fast,Carbon,Fuji,Normal,RM241,,,RM 20,0,RM 241,RM 221,0
713314,Berkley,17' Bass Patrol,Casting,Spinning,"6'6""",2PCS,12 - 30 LB,Heavy,1/4 - 1 1/2,Fast,(Comp),Normal,Normal,RM169,,,RM 10,0,RM 169,RM 159,0
713711,Ugly Stik,Tiger,Casting,Spinning,"6'6""",2PCS,15 - 30 LB,Heavy,1/2 - 3oz,Moderate - Fast,(Comp),Normal,Fuji,RM259,,,RM 20,0,RM 259,RM 239,0
153536,Abu Garcia,Conolon,Casting,Spinning,"6'6""",2PCS,15 - 30 LB,Heavy,14-60G,Fast,Carbon,Normal,Normal,RM129,,,,0,RM 129,RM 129,0
393159,Lemax,Royal President,Casting,Spinning,"6'6""",2PCS,10 - 25 LB,Medium Heavy,40G Max,Moderate - Fast,Graphite,SiC,Normal,RM115,,,RM 10,0,RM 115,RM 105,0
303003,Expert Graphite,Masterhand,Casting,Spinning,"6'6""",2PCS,10 - 25 LB,Medium Heavy,30G Max,Moderate - Fast,Graphite,Fuji,Fuji,RM275,RM 30,,RM 20,12M,RM 245,RM 225,0
233313,Asuka,Arowana V3,Casting,Spinning,"6'6""",2PCS,12 - 25 LB,Medium Heavy,3/8 - 1 1/2oz,Fast,(Comp),Normal,Fuji,RM89,,,,0,RM 89,RM 89,0
263391,Eupro,Rancher Advanced,Casting,Spinning,"6'6""",2PCS,10 - 25 LB,Medium Heavy,10 - 40G,Moderate - Fast,Graphite,Normal,Normal,RM140,,,RM 10,0,RM 140,RM 130,0
263434,Eupro,Crazy Horse XDG2,Casting,Spinning,"6'6""",2PCS,10 - 25 LB,Medium Heavy,35G,Fast,Graphite,Normal,Normal,RM263434,,,RM 10,0,RM 263434,RM 263424,0
263458,Eupro,Confidence,Casting,Spinning,"6'6""",2PCS,10 - 25 LB,Medium Heavy,30G,Moderate - Fast,(Comp),Normal,Normal,RM150,,,RM 10,0,RM 150,RM 140,0
153137,Penn,13' Captiva XT,Casting,Spinning,"6'6""",2PCS,10 - 30 LB,Heavy,24G,Fast,(Comp),Normal,Normal,RM139,,,,0,RM 139,RM 139,0
103630,Seahawk,Solid Strike,Casting,Spinning,"6'6""",2PCS,12 - 25 LB,Medium Heavy,15 - 35G,Moderate - Fast,Carbon,Normal,Normal,RM135,,,RM 10,0,RM 135,RM 125,0
103206,Seahawk,Ryoku,Casting,Spinning,"6'6""",2PCS,12 - 25 LB,Medium Heavy,10 - 30G,Moderate,(Comp),Normal,Normal,RM85,,,,0,RM 85,RM 85,0
393028,Lemax,Bombermax,Casting,Spinning,"6'6""",2PCS,10 - 25 LB,Medium Heavy,12 - 40G,Moderate - Fast,Graphite,Normal,Normal,RM85,,,,0,RM 85,RM 85,0
393366,Lemax,Warrior War,Casting,Spinning,"6'6""",2PCS,10 - 25 LB,Medium Heavy,12 - 50G,Fast,Graphite,SiC,Fuji,RM165,RM 20,,RM 10,0,RM 145,RM 135,0
393574,Lemax,Raptor-X,Casting,Spinning,"6'6""",2PCS,10 - 25 LB,Medium Heavy,12 - 30G,Moderate - Fast,(Comp),SiC,Normal,RM105,,,RM 10,0,RM 105,RM 95,0
393230,Lemax,Tiger Power,Casting,Spinning,"6'6""",2PCS,10 - 25 LB,Medium Heavy,15 - 80G,Slow,(Comp),Normal,Normal,RM75,,,RM 10,0,RM 75,RM 65,0
813253,Viper,Ranger FW,Casting,Spinning,"6'6""",2PCS,10 - 25 LB,Medium Heavy,10 - 45G,Fast,Graphite,Normal,Normal,RM155,,,RM 10,0,RM 155,RM 145,0
713514,Penn,13' Squadron,Casting,Spinning,"6'6""",2PCS,10 - 25 LB,Medium Heavy,0,Extra Fast,(Comp),Normal,Normal,RM159,,,RM 10,0,RM 159,RM 149,0
993161,EXP,Triton Spinning,Casting,Spinning,"6'6""",2PCS,10 - 22 LB,Medium Heavy,10 - 30G,Fast,Carbon,Normal,Normal,RM190,,,RM 20,3M,RM 190,RM 170,0
263301,Eupro,X-Fury,Casting,Spinning,"6'6""",2PCS,10 - 20 LB,Medium Heavy,9 - 28G,Extra Fast,Graphite,Fuji,Normal,RM190,,,RM 20,0,RM 190,RM 170,0
263324,Eupro,Z Stalker,Casting,Spinning,"6'6""",2PCS,10 - 20 LB,Medium Heavy,8 - 30G,Moderate - Fast,Carbon,SiC,Normal,RM130,,,RM 10,0,RM 130,RM 120,0
263357,Eupro,Dark Ranger,Casting,Spinning,"6'6""",2PCS,10 - 20 LB,Medium Heavy,8 - 30G,Extra Fast,Graphite,SiC,Normal,RM135,,,RM 10,0,RM 135,RM 125,0
824151,Storm,Silver Rage,Casting,Spinning,"6'6""",2PCS,10 - 20 LB,Medium Heavy,7 - 28G,Fast,Graphite,Normal,Normal,RM165,RM 20,,RM 10,0,RM 145,RM 135,0
543837,Shimano,23' Vengeance AS,Casting,Spinning,"6'6""",2PCS,10 - 20 LB,Medium Heavy,7 - 32G,Moderate - Fast,Carbon,Fuji,Fuji,RM215,,,,12M,RM 215,RM 215,0
303007,Expert Graphite,Blue Carbon II,Casting,Spinning,"6'6""",2PCS,10 - 20 LB,Medium Heavy,8 - 40G,Fast,Carbon,Fuji,Fuji,RM405,RM 40,,RM 30,12M,RM 365,RM 335,0
103531,Seahawk,Air Wolf,Casting,Spinning,"6'6""",2PCS,10 - 20 LB,Medium Heavy,10 - 28G,Fast,(Comp),Normal,Normal,RM85,,,,0,RM 85,RM 85,0
283654,Awa-Shima,Twitcher,Casting,Spinning,"6'6""",2PCS,10 - 20 LB,Medium Heavy,12 - 30G,Moderate,Carbon,Normal,Fuji,RM75,,,RM 10,1M,RM 75,RM 65,0
283594,Awa-Shima,Jerker III,Casting,Spinning,"6'6""",2PCS,10 - 20 LB,Medium Heavy,12 - 30G,Slow,Carbon,Normal,Normal,RM75,,,RM 10,1M,RM 75,RM 65,0
543893,Shimano,Stimula,Casting,Spinning,"6'6""",2PCS,10 - 15 LB,Medium,3/8 - 3/4 OZ,Fast,(Comp),Normal,Normal,RM95,,,,0,RM 95,RM 95,0
393504,Lemax,Spygame,Casting,Spinning,"6'6""",2PCS,8 - 25 LB,Medium Heavy,10 - 30G,Moderate - Fast,(Comp),Normal,Normal,RM115,,,RM 10,0,RM 115,RM 105,0
393385,Lemax,Red Fox,Casting,Spinning,"6'6""",2PCS,8 - 20 LB,Medium Heavy,10 -35G,Fast,(Comp),Normal,Normal,RM89,,,RM 10,0,RM 89,RM 79,0
393323,Lemax,Legend Evo,Casting,Spinning,"6'6""",2PCS,8 - 20 LB,Medium Heavy,7 - 25G,Slow - Moderate,(Comp),Normal,Normal,RM139,,,,0,RM 139,RM 139,0
393381,Lemax,Blue Fox,Casting,Spinning,"6'6""",2PCS,8 - 20 LB,Medium Heavy,10 - 35G,Moderate - Fast,(Comp),Normal,Normal,RM89,,,RM 10,0,RM 89,RM 79,0
393622,Lemax,Kingmax Extreme,Casting,Spinning,"6'6""",2PCS,8 - 20 LB,Medium Heavy,7 - 35G,Moderate - Fast,(Comp),Normal,Normal,RM89,,,RM 10,0,RM 89,RM 79,0
103227,Seahawk,Nemexus,Casting,Spinning,"6'6""",2PCS,8 - 20 LB,Medium Heavy,10 -25G,Fast,(Comp),Normal,Normal,RM109,,,RM 10,0,RM 109,RM 99,0
303166,Tokkou,Tactic X,Casting,Spinning,"6'6""",2PCS,8 - 20 LB,Medium Heavy,8 - 30G,Moderate - Fast,Graphite,Normal,Normal,RM125,,,RM 10,0,RM 125,RM 115,0
113592,Daiwa,24' Revros-R,Casting,Spinning,"6'6""",2PCS,8 - 20 LB,Medium Heavy,7 - 21G,Fast,Graphite,Fuji,Fuji,RM210,,,RM 10,0,RM 210,RM 200,0
103266,Team Seahawk,Expedition Awakening,Casting,Spinning,6'9'',BJ,30 - 50 LB,Heavy,40 - 80G,Fast,Carbon,Normal,Normal,RM230,,,RM 20,0,RM 230,RM 210,0
863060,Extend,Blue 70 Series,Casting,Spinning,7',BJ,20 - 40 LB,Heavy,8 - 36G,Fast,Carbon,Fuji,Fuji,RM197,,,RM 10,3M,RM 197,RM 187,0
863061,Extend,Blue 70 Series,Casting,Spinning,7',BJ,30 - 50 LB,Heavy,10 -38G,Moderate - Fast,Carbon,Fuji,Fuji,RM198,,,RM 10,3M,RM 198,RM 188,0
263307,Eupro,Bison Pro,Casting,Spinning,7',BJ,20 - 40 LB,Heavy,10 - 50G,Fast,Carbon,Fuji,Normal,RM180,,,RM 20,0,RM 180,RM 160,0
713517,Penn,Wrath II Boat,Jigging/ Bottom,Spinning,7',2PCS,2 - 3 PE,Medium Heavy,150 - 400G,Fast,(Comp),Titanium,Normal,RM229,,,RM 20,0,RM 229,RM 209,0
713524,Penn,15' Detonator Inshore,Casting,Spinning,7',2PCS,17 - 40 LB,Heavy,3/8 - 1 1/2 OZ,Moderate - Fast,Carbon,Normal,Fuji,RM279,,,RM 20,0,RM 279,RM 259,0
713017,Abu Garcia,18' Promax,Casting,Spinning,7',2PCS,17 - 40 LB,Heavy,1/2 - 3 OZ,Moderate - Fast,Graphite,Normal,Normal,RM200,,,RM 20,0,RM 200,RM 180,0
713303,Berkley,24' Fireflex,Casting,Spinning,7',2PCS,17 - 40 LB,Heavy,15 - 60G,Slow - Moderate,(Comp),Normal,Normal,RM179,,,RM 10,0,RM 179,RM 169,0
713315,Berkley,17' Basspatrol (Blue),Casting,Spinning,7',2PCS,15 - 40 LB,Heavy,3/8 - 2 OZ,Moderate - Fast,(Comp),Normal,Normal,RM179,,,RM 10,0,RM 179,RM 169,0
663022,Ashino,Seagate,Casting,Spinning,7',2PCS,15 - 30 LB,Medium Heavy,80 - 160G,Moderate,Carbon,Normal,Normal,RM99,,,RM 10,0,RM 99,RM 89,0
263102,Eupro,Tornado Spin,Casting,Spinning,7',2PCS,15 - 30 LB,Medium Heavy,0,Moderate,(Comp),Normal,Normal,RM155,,,RM 20,0,RM 155,RM 135,0
263019,Eupro,Conquerer,Casting,Spinning,7',2PCS,15 - 30 LB,Medium Heavy,0,Moderate - Fast,(Comp),Normal,Normal,RM155,,,RM 10,0,RM 155,RM 145,0
263372,Eupro,Monster Kingbar,Casting,Spinning,7',2PCS,15 - 30 LB,Medium Heavy,0,Fast,(Comp),Normal,Normal,RM140,,,RM 10,0,RM 140,RM 130,0
113525,Daiwa,22' Phantom Snapper,Casting,Spinning,7',2PCS,15 - 30 LB,Medium Heavy,100G Max,Fast,Graphite,Fuji,Normal,RM170,,,RM 10,0,RM 170,RM 160,2
843099,Bullzen,Zeus,Casting,Spinning,7',2PCS,12 - 25 LB,Medium Heavy,10 - 30G,Moderate - Fast,Carbon,Fuji,Normal,RM252,,,RM 20,0,RM 252,RM 232,0
863180,Extend,Shark 14,Casting,Spinning,7',2PCS,10 - 20 LB,Medium,7 - 23G,Moderate,Graphite,Fuji,Fuji,RM99,,,RM 10,3M,RM 99,RM 89,0
103207,Seahawk,Ryoku,Casting,Spinning,7',2PCS,15 - 30 LB,Heavy,14 - 40G,Moderate,(Comp),Normal,Normal,RM89,,,,0,RM 89,RM 89,0
103476,Seahawk,Highlander,Casting,Spinning,7',2PCS,15 - 30 LB,Heavy,18 - 40G,Extra Fast,(Comp),Normal,Normal,RM110,,,RM 10,0,RM 110,RM 100,0
103569,Seahawk,Power Seven,Casting,Spinning,7',2PCS,15 - 30 LB,Heavy,20 - 50G,Moderate,(Comp),Normal,Normal,RM69,,,,0,RM 69,RM 69,0
713520,Penn,13' Squadron,Casting,Spinning,7',2PCS,12 - 30 LB,Heavy,0,Moderate - Fast,(Comp),Normal,Normal,RM169,,,RM 10,0,RM 169,RM 159,0
103554,Seahawk,Pollux,Casting,Spinning,7',2PCS,12 - 30 LB,Heavy,15 - 40G,Moderate,(Comp),Normal,Normal,RM100,,,RM 10,0,RM 100,RM 90,0
263435,Eupro,Crazy Horse XDG2,Casting,Spinning,7',2PCS,12 - 30 LB,Heavy,40G Max,Moderate,Graphite,Normal,Normal,RM145,,,RM 10,0,RM 145,RM 135,0
263452,Eupro,Twin Craft XDG2,Casting,Spinning,7',2PCS,12 - 30 LB,Heavy,12 - 45G,Moderate,Graphite,Normal,Normal,RM135,,,RM 10,0,RM 135,RM 125,0
263392,Eupro,Rancher Advanced XDG2,Casting,Spinning,7',2PCS,12 - 30 LB,Heavy,12 - 45G,Slow - Moderate,Graphite,Normal,Normal,RM145,,,RM 10,0,RM 145,RM 135,0
393331,Lemax,River Hunter,Casting,Spinning,7',2PCS,12 - 30 LB,Heavy,15 - 60G,Slow,(Comp),Normal,Normal,RM65,,,,0,RM 65,RM 65,0
393160,Lemax,Royal President,Casting,Spinning,7',2PCS,12 - 30 LB,Heavy,50G Max,Moderate - Fast,Graphite,SiC,Normal,RM115,,,RM 10,0,RM 115,RM 105,0
393575,Lemax,Raptor-X,Casting,Spinning,7',2PCS,12 - 30 LB,Heavy,15 - 40G,Moderate,(Comp),SiC,Normal,RM115,,,RM 10,0,RM 115,RM 105,0
263298,Eupro,Confidence,Casting,Spinning,7',2PCS,12 - 30 LB,Heavy,35G Max,Moderate,(Comp),Normal,Normal,RM160,,,RM 10,0,RM 160,RM 150,0
393485,Lemax,Red Diamond,Casting,Spinning,7',2PCS,12 - 30 LB,Heavy,10 - 50G,Slow,Graphite,Normal,Normal,RM135,,,RM 10,0,RM 135,RM 125,0
393029,Lemax,Bombermax,Casting,Spinning,7',2PCS,12 - 30 LB,Heavy,15 - 60G,Moderate,Graphite,Normal,Normal,RM95,,,,0,RM 95,RM 95,0
393231,Lemax,Tiger Power,Casting,Spinning,7',2PCS,12 - 30 LB,Heavy,20 - 100G,Slow,(Comp),Normal,Normal,RM85,,,RM 10,0,RM 85,RM 75,0
263402,Eupro,Force Riser,Casting,Spinning,7',2PCS,12 - 25 LB,Medium Heavy,15 - 30G,Moderate - Fast,(Comp),Normal,Normal,RM115,,,RM 10,0,RM 115,RM 105,0
993061,EXP,Explosion Spinning,Casting,Spinning,7',2PCS,12 - 20 LB,Medium Heavy,12 - 32G,Moderate - Fast,Carbon,Fuji,Normal,RM260,,,RM 20,0,RM 260,RM 240,0
393460,Lemax,Shadow Walker,Casting,Spinning,7',2PCS,12 - 25 LB,Medium Heavy,50G Max,Moderate - Fast,(Comp),Fuji,Normal,RM159,,,RM 10,0,RM 159,RM 149,0
103538,Seahawk,Combat Strike,Casting,Spinning,7',2PCS,12 - 25 LB,Medium Heavy,12 - 30G,Fast,(Comp),Normal,Normal,RM125,,,RM 10,0,RM 125,RM 115,0
283595,Awa-Shima,Jerker III,Casting,Spinning,7',2PCS,12 - 25 LB,Medium Heavy,15 - 35G,Slow,(Comp),Normal,Normal,RM75,,,RM 10,0,RM 75,RM 65,0
283655,Awa-Shima,Twitcher,Casting,Spinning,7',2PCS,12 - 25 LB,Medium Heavy,15 - 35G,Slow,(Comp),Normal,Normal,RM79,,,RM 10,0,RM 79,RM 69,0
303008,Expert Graphite,Blue Carbon II,Casting,Spinning,7',2PCS,12 - 25 LB,Medium Heavy,12 - 38G,Moderate,Carbon,Fuji,Normal,RM430,RM 40,,RM 30,0,RM 390,RM 360,0
393505,Lemax,Spy Game,Casting,Spinning,7',2PCS,10 - 30 LB,Heavy,12 - 35G,Slow - Moderate,(Comp),Normal,Normal,RM125,,,RM 10,0,RM 125,RM 115,0
263196,Eupro,Competition,Casting,Spinning,7',2PCS,10 - 25 LB,Medium Heavy,20 - 60G,Slow - Moderate,(Comp),Normal,Normal,RM205,RM 30,,,0,RM 175,RM 175,0
393596,Lemax,Gunfire,Casting,Spinning,7',2PCS,10 - 25 LB,Medium Heavy,10 - 50G,Slow - Moderate,(Comp),Normal,Normal,RM75,,,,0,RM 75,RM 75,0
393245,Lemax,River Monster,Casting,Spinning,7',2PCS,10 - 25 LB,Medium Heavy,60G Max,Moderate,(Comp),Normal,Normal,RM165,RM 20,,RM 10,0,RM 145,RM 135,0
393614,Lemax,Grand Storm,Casting,Spinning,7',2PCS,10 - 25 LB,Medium Heavy,10 - 35G,Moderate,(Comp),Normal,Normal,RM149,,,RM 10,0,RM 149,RM 139,0
393557,Lemax,Spidermax,Casting,Spinning,7',2PCS,10 - 25 LB,Medium Heavy,10 - 35G,Slow - Moderate,(Comp),Normal,Normal,RM109,,,RM 10,0,RM 109,RM 99,0
263325,Eupro,Z Stalker,Casting,Spinning,7',2PCS,10 - 25 LB,Medium Heavy,8 - 35G,Moderate,(Comp),SiC,Normal,RM140,,,RM 10,0,RM 140,RM 130,0
263212,Eupro,Twister,Casting,Spinning,7',2PCS,10 - 25 LB,Medium Heavy,30G,Slow - Moderate,(Comp),Normal,Normal,RM150,,,RM 10,0,RM 150,RM 140,0
263358,Eupro,Dark Ranger,Casting,Spinning,7',2PCS,10 - 25 LB,Medium Heavy,8 - 35G,Moderate,(Comp),SiC,Normal,RM140,,,RM 10,0,RM 140,RM 130,0
263401,Eupro,Captain G,Casting,Spinning,7',2PCS,10 - 25 LB,Medium Heavy,8 - 35G,Fast,(Comp),Fuji,Normal,RM170,,,RM 10,0,RM 170,RM 160,0
103487,Seahawk,Cross Range,Casting,Spinning,7',2PCS,12 - 25 LB,Medium Heavy,15 - 30G,Slow - Moderate,(Comp),Normal,Normal,RM110,,,RM 10,0,RM 110,RM 100,0
713900,Ugly Stik,Shakespeare BWS 1100,Casting,Spinning,7',2PCS,10 - 25 LB,Medium Heavy,0,Slow,(Comp),Fuji,Fuji,RM249,,,RM 20,5YRS,RM 249,RM 229,0
863176,Extend,Shark 21,Casting,Spinning,7',2PCS,10 - 20 LB,Medium Heavy,7 - 23G,Moderate - Fast,Carbon,Fuji,Fuji,RM148,,,RM 10,3M,RM 148,RM 138,0
283677,Relix Nusantara,Capung,Casting,Spinning,8'3'',2PCS,8 - 17 LB,Medium,10 - 30G,Slow - Moderate,(Comp),Sea,Fuji,RM159,,,,12M,RM 159,RM 159,0
813261,Zen,Zagan Shore Cast SW,Casting,Spinning,8'2'',BJ,50   LB,Extra Heavy,55 - 120G,Moderate,Carbon,SiC,Fuji,RM760,,,RM 50,12M,RM 760,RM 710,0
713304,Berkley,24' Fireflex,Casting,Spinning,8',2PCS,17 - 40 LB,Heavy,15 - 60G,Slow - Moderate,Graphite,Normal,Normal,RM189,,,RM 10,0,RM 189,RM 179,0
713007,Abu Garcia,24' Revo X,Casting,Spinning,8',2PCS,17 - 40 LB,Medium Heavy,15 - 60G,Moderate,(Comp),Normal,Normal,RM215,,,RM 20,0,RM 215,RM 195,0
113452,Daiwa,20' D-Blue,Casting,Spinning,8',2PCS,17 - 35 LB,Heavy,100G,Slow,Graphite,Normal,Normal,RM135,,,RM 10,0,RM 135,RM 125,0
263166,Eupro,Cyclon,Casting,Spinning,8',2PCS,15 - 40 LB,Heavy,0,Fast,(Comp),Normal,Normal,RM165,,,RM 20,0,RM 165,RM 145,0
393030,Lemax,Bombermax,Casting,Spinning,8',2PCS,15 - 40 LB,Heavy,20 - 80G,Moderate - Fast,Graphite,Normal,Normal,RM105,,,,0,RM 105,RM 105,0
153498,Berkley,21' River Monster 2,Casting,Spinning,"6'6""",2PCS,12 - 30 LB,Medium Heavy,1/2 - 2 OZ,Fast,(Comp),Normal,Normal,RM129,,,,0,RM 129,RM 129,0
153508,Berkley,21' River Monster 2,Casting,Spinning,7',2PCS,17 - 40 LB,Heavy, 1 - 3 OZ,Fast,(Comp),Normal,Normal,RM139,,,,0,RM 139,RM 139,0
153510,Ugly Stik,Tiger Lite BWS 2200,Casting,Spinning,"6'6""",1PCS,12 - 30 LB,Medium Heavy,0,Fast,(Comp),Fuji,Fuji,RM169,,,,5YRS,RM 169,RM 169,0
153511,Ugly Stik,Tiger Lite BWS 2200,Casting,Spinning,7',1PCS,14 - 40 LB,Heavy,0,Moderate - Fast,(Comp),Fuji,Fuji,RM199,,,,5YRS,RM 199,RM 199,0
153548,Fenwick,22' Eagle,Casting,Spinning,"6'6""",2PCS,10 - 20 LB,Medium Heavy,1/4 - 1 1/4 OZ,Fast,Graphite,Normal,Normal,RM159,,,,0,RM 159,RM 159,0
153552,Penn,23' Battlestick,Casting,Spinning,"6'6""",2PCS,15 - 30 LB,Heavy,3/8 - 2 OZ,Moderate - Fast,Carbon,Normal,Normal,RM99,,,,0,RM 99,RM 99,0
153473,Abu Garcia,20' Gambit-2,Casting,Spinning,"6'6""",2PCS,10 - 30 LB,Heavy,3/8 - 1 1/2 OZ,Moderate - Fast,Graphite,Fuji,Normal,RM159,,,,0,RM 159,RM 159,0
153413,Berkley,Cherrywood-2,Casting,Spinning,7',2PCS,8 - 17 LB,Medium,1/4 - 1 OZ,Moderate - Fast,(Comp),Normal,Normal,RM99,,,,0,RM 99,RM 99,0
153541,Abu Garcia,23' Suveran 2,Casting,Spinning,"6'6""",2PCS,15 - 30 LB,Heavy,14 - 60G,Fast,Graphite,Fuji,Normal,RM119,,,,0,RM 119,RM 119,0
713805,Abu Garcia,17' Diablo,Casting,Spinning,"6'6""",2PCS,6 - 15 LB,Medium,1/4 - 3/4 OZ,Moderate - Fast,Carbon,Normal,Normal,RM149,,,,0,RM 149,RM 149,0
153501,Abu Garcia,21' Brute,Casting,Spinning,"6'6""",2PCS,12 - 20 LB,Medium Heavy,1/4 - 1 OZ,Slow - Moderate,(Comp),Normal,Normal,RM69,,,,0,RM 69,RM 69,0
153492,Abu Garcia,21' Salty Fighter 2,Jigging/ Bottom,Spinning,"6'2""",1PCS,0.8 - 2 PE,Medium,20 - 150G,Fast,Carbon,Fuji,Fuji,RM289,,,,0,RM 289,RM 289,0
153550,Penn,23' Battle Stick,Casting,Spinning,"5'6""",2PCS,10 - 20 LB,Medium Heavy,1/4 - 1 OZ,Fast,Carbon,Normal,Normal,RM99,,,,0,RM 99,RM 99,0
713802,Abu Garcia,20' Hornet Beretta 2,Casting,Spinning,8',2PCS,12 - 30 LB,Heavy,3/8 - 3 OZ,Moderate - Fast,Graphite,Fuji,Normal,RM199,,,,0,RM 199,RM 199,0
713801,Abu Garcia,20' Hornet Beretta 2,Casting,Spinning,7',2PCS,12 - 20 LB,Medium Heavy,3/8 - 2 OZ,Moderate,Graphite,Fuji,Normal,RM189,,,,0,RM 189,RM 189,0
153523,Abu Garcia,20' Hornet Beretta 2,Casting,Spinning,7',2PCS,12 - 25 LB,Medium,3/8 - 2 OZ,Moderate,Graphite,Fuji,Normal,RM169,,,,0,RM 169,RM 169,0
153549,Fenwick,22' Eagle,Casting,Spinning,7',2PCS,12 - 30 LB,Heavy,3/8 - 2 1/2 OZ,Fast,Graphite,Normal,Normal,RM189,,,RM 10,0,RM 189,RM 179,0
263167,Eupro,Conquerer,Casting,Spinning,8',2PCS,15 - 40 LB,Heavy,0,Moderate - Fast,(Comp),Normal,Normal,RM170,,,RM 20,0,RM 170,RM 150,0
263165,Eupro,Tornado Spin,Casting,Spinning,8',2PCS,15 - 40 LB,Heavy,0,Moderate - Fast,(Comp),Normal,Normal,RM170,,,RM 20,0,RM 170,RM 150,0
713521,Penn,13' Squadron,Casting,Spinning,8',2PCS,15 - 40 LB,Heavy,0,Moderate - Fast,Carbon,Normal,Normal,RM179,,,RM 10,0,RM 179,RM 169,0
393486,Lemax,Red Diamond,Casting,Spinning,8',2PCS,15 - 40 LB,Heavy,12 - 80G,Slow - Moderate,Carbon,Normal,Normal,RM149,,,RM 10,0,RM 149,RM 139,0
283730,Strike2,Kamakura Pearch Stk,Casting,Spinning,8',2PCS,15 - 30 LB,Medium Heavy,20 - 40G,Moderate - Fast,(Comp),Normal,Normal,RM139,,,,0,RM 139,RM 139,0
663023,Ashino,Seagate,Casting,Spinning,8',2PCS,15 - 30 LB,Heavy,80 - 120G,Slow - Moderate,Graphite,Normal,Normal,RM99,,,RM 10,0,RM 99,RM 89,0
663029,Ashino,Milestone,Casting,Spinning,8',2PCS,15 - 30 LB,Heavy,80 - 160G,Moderate,Graphite,Normal,Normal,RM105,,,RM 10,0,RM 105,RM 95,0
263453,Eupro,Twin Craft XDG,Casting,Spinning,8',2PCS,15 - 30 LB,Heavy,15 - 50G,Fast,(Comp),Normal,Normal,RM150,,,RM 10,0,RM 150,RM 140,0
263415,Eupro,Rancher XDG2,Casting,Spinning,8',2PCS,15 - 30 LB,Heavy,15 - 50G,Moderate,(Comp),Normal,Normal,RM155,,,RM 10,0,RM 155,RM 145,0
263461,Eupro,Crazy Horse XDG2,Casting,Spinning,8',2PCS,15 - 30 LB,Heavy,50G,Slow - Moderate,(Comp),Normal,Normal,RM155,,,RM 10,0,RM 155,RM 145,0
263359,Eupro,Dark Ranger,Casting,Spinning,8',2PCS,12 - 30 LB,Heavy,12 - 40G,Fast,Carbon,Normal,Normal,RM145,,,RM 10,0,RM 145,RM 135,0
393246,Lemax,River Monster,Casting,Spinning,8',2PCS,12 - 30 LB,Heavy,80G Max,Moderate - Fast,(Comp),Normal,Normal,RM190,RM 30,,RM 20,0,RM 160,RM 140,0
393302,Lemax,Royal President,Casting,Spinning,8',2PCS,12 - 35 LB,Heavy,60G Max,Moderate - Fast,Graphite,SiC,Normal,RM135,,,RM 10,0,RM 135,RM 125,0
103615,Seahawk,Blazer,Casting,Spinning,8',2PCS,12 - 25 LB,Medium Heavy,15 - 30G,Slow - Moderate,(Comp),Normal,Normal,RM130,,,RM 10,0,RM 130,RM 120,0
393624,Lemax,Kingmax Extreme,Casting,Spinning,8',2PCS,10 - 30 LB,Heavy,12 - 50G,Moderate - Fast,(Comp),Normal,Normal,RM105,,,RM 10,0,RM 105,RM 95,0
813203,Zen,Zagan Off Shore Shooter 76,Casting,Spinning,7'6,BJ,40LB   LB,Heavy,30 - 80G,Fast,Carbon,Fuji,Fuji,RM520,,,RM 40,0,RM 520,RM 480,0
663506,Benmingo,Gallant,Casting,Spinning,7'6,BJ,30   LB,Heavy,30 - 65G,Fast,Graphite,Fuji,Fuji,RM219,,,RM 20,0,RM 219,RM 199,0
103268,Team Seahawk,Expedition Awakening,Casting,Spinning,7'6,2PCS,30 - 50 LB,Extra Heavy,40 - 80G,Fast,Carbon,Sea,Normal,RM230,,,RM 20,0,RM 230,RM 210,0
303167,Tokkou,Tactic X,Casting,Spinning,7',2PCS,10 - 20 LB,Medium Heavy,8 - 35G,Fast,Graphite,Normal,Normal,RM135,,,RM 10,0,RM 135,RM 125,0
263367,Eupro,Storm Rider,Casting,Spinning,7',2PCS,10 - 20 LB,Medium Heavy,12 - 35G,Moderate,(Comp),Normal,Normal,RM145,,,RM 10,0,RM 145,RM 135,0
813104,Rodford,Sting,Casting,Spinning,7',2PCS,10 - 20 LB,Medium Heavy,10 - 30G,Fast,(Comp),Fuji,Fuji,RM160,,,RM 10,0,RM 160,RM 150,0
543718,Shimano,21' Cruzar XT,Casting,Spinning,7',2PCS,10 - 20 LB,Medium Heavy,10 - 25G,Fast,(Comp),Normal,Normal,RM99,,,,0,RM 99,RM 99,0
103631,Seahawk,Solid Strike,Casting,Spinning,7',2PCS,15 - 30 LB,Heavy,20 - 40G,Fast,(Comp),Normal,Normal,RM150,,,RM 10,0,RM 150,RM 140,0
283733,Strike2,Shibuya Pearch STS,Casting,Spinning,7',2PCS,10 - 20 LB,Medium Heavy,15 - 30G,Moderate - Fast,Carbon,Normal,Normal,RM129,,,,0,RM 129,RM 129,0
283729,Strike2,Kamakura Pearch Stk,Casting,Spinning,7',2PCS,10 - 20 LB,Medium Heavy,15 - 30G,Fast,Carbon,Normal,Normal,RM129,,,,0,RM 129,RM 129,0
103582,Seahawk,Air Blade LX,Casting,Spinning,7',2PCS,10 - 20 LB,Medium Heavy,10 - 28G,Moderate - Fast,Carbon,Normal,Normal,RM89,,,,0,RM 89,RM 89,0
863052,Extend,Shark 13,Casting,Spinning,7',2PCS,10 - 20 LB,Medium Heavy,7 - 23G,Fast,Carbon,Fuji,Fuji,RM99,,,RM 10,3M,RM 99,RM 89,0
303164,Tokkou,Dimension,Casting,Spinning,7',2PCS,10 - 20 LB,Medium Heavy,10 - 35G,Moderate - Fast,(Comp),Normal,Normal,RM140,,,RM 10,0,RM 140,RM 130,0
263396,Eupro,Demonized XLE,Casting,Spinning,7',2PCS,10 - 20 LB,Medium Heavy,8 - 35G,Fast,(Comp),Normal,Normal,RM175,,,RM 10,0,RM 175,RM 165,0
393623,Lemax,Kingmax Extreme,Casting,Spinning,7',2PCS,8 - 25 LB,Medium Heavy,10 - 40G,Moderate,(Comp),Normal,Normal,RM95,,,RM 10,0,RM 95,RM 85,0
393382,Lemax,Blue Fox,Casting,Spinning,7',2PCS,8 - 25 LB,Medium Heavy,10 - 40G,Fast,(Comp),Normal,Normal,RM95,,,RM 10,0,RM 95,RM 85,0
393386,Lemax,Red Fox,Casting,Spinning,7',2PCS,8 - 25 LB,Medium Heavy,10 - 40G,Moderate - Fast,(Comp),Normal,Normal,RM95,,,RM 10,0,RM 95,RM 85,0
393195,Lemax,Starevo,Casting,Spinning,7',2PCS,8 - 25 LB,Medium Heavy,12 - 30G,Fast,Graphite,Fuji,Normal,RM149,,,RM 10,0,RM 149,RM 139,0
993044,EXP,Ascend Spinning,Casting,Spinning,7',2PCS,8 - 20 LB,Medium,10 - 30G,Fast,(Comp),Normal,Normal,RM140,,,RM 10,3M,RM 140,RM 130,0
863170,Extend,Shark 12,Casting,Spinning,7',2PCS,10 - 20 LB,Medium Heavy,7 - 23G,Fast,Carbon,Fuji,Fuji,RM99,,,RM 10,3M,RM 99,RM 89,0
393224,Lemax,Black Rose,Casting,Spinning,7',2PCS,8 - 20 LB,Medium Heavy,7 - 30G,Fast,Graphite,Normal,Normal,RM145,,,RM 10,0,RM 145,RM 135,0
393446,Lemax,Star President,Casting,Spinning,7',2PCS,8 - 20 LB,Medium Heavy,7 - 30G,Fast,Graphite,Fuji,Normal,RM160,,,RM 20,0,RM 160,RM 140,0
103614,Seahawk,Blazer,Casting,Spinning,7',2PCS,8 - 20 LB,Medium Heavy,12 - 25G,Moderate - Fast,(Comp),Normal,Normal,RM110,,,RM 10,0,RM 110,RM 100,0
123122,Relix,Ambition,Casting,Spinning,7',2PCS,8 - 17 LB,Medium,6 - 24G,Moderate,(Comp),Normal,Normal,RM79,,,,0,RM 79,RM 79,0
263497,Eupro,Trapper,Casting,Spinning,7',2PCS,8 - 17 LB,Medium,7 - 28G,Fast,(Comp),Fuji,Normal,RM115,,,RM 10,0,RM 115,RM 105,0
393530,Lemax,Squid Game,Casting,Spinning,7',2PCS,8 - 17 LB,Medium,7 - 28G,Moderate,(Comp),Normal,Normal,RM145,,,RM 10,0,RM 145,RM 135,0
393240,Lemax,Platinum Gold Medal,Casting,Spinning,7',2PCS,8 - 17 LB,Medium,35G Max,Slow - Moderate,Graphite,Normal,Normal,RM135,,,RM 10,0,RM 135,RM 125,0
663513,Benmingo,Metabass,Casting,Spinning,7',2PCS,8 - 17 LB,Medium,7 - 21G,Moderate - Fast,Carbon,Normal,Normal,RM105,,,RM 10,0,RM 105,RM 95,0
113258,Daiwa,18' Crossfire-X,Casting,Spinning,7',2PCS,8 - 17 LB,Medium,1/4 - 3/4OZ,Fast,(Comp),Normal,Normal,RM125,,,,0,RM 125,RM 125,0
543886,Shimano,Sellus,Casting,Spinning,7'1,2PCS,8 - 14 LB,Medium,3/16 - 5/8OZ,Fast,(Comp),Normal,Normal,RM169,,,RM 10,0,RM 169,RM 159,0
543894,Shimano,Stimula,Casting,Spinning,7',2PCS,10 - 20 LB,Medium Heavy,1/4 - 1/2OZ,Fast,(Comp),Normal,Normal,RM99,,,,0,RM 99,RM 99,0
393280,Lemax,Pro Tiny,Casting,Spinning,7',2PCS,7 - 18 LB,Medium,35G Max,Moderate,Graphite,Normal,Normal,RM125,,,RM 10,0,RM 125,RM 115,0
123116,Relix,Mega Force,Casting,Spinning,7',2PCS,7 - 15 LB,Medium,10 - 30G,Fast,(Comp),Normal,Normal,RM59,,,,0,RM 59,RM 59,0
713704,Ugly Stik,GX2 USGXSP,Casting,Spinning,7',2PCS,6 - 15 LB,Medium,0,Slow,(Comp),Normal,Normal,RM145,,,RM 10,0,RM 145,RM 135,0
103621,Seahawk,Journey Travel,Travel (Casting),Spinning,"5'10""",4PCS,8 - 20 LB,Medium Heavy,9 - 25G,Fast,Graphite,Fuji,Normal,RM180,,,RM 20,0,RM 180,RM 160,-1
103620,Seahawk,Journey Travel,Travel (Casting),Spinning,"5'10""",4PCS,6 - 14 LB,Medium,7 - 18G,Moderate - Fast,Graphite,Fuji,Normal,RM180,,,RM 20,0,RM 180,RM 160,0
283702,Relix Nusantara,Rotan Galatama,Travel (Casting),Spinning,6',3PCS,6 - 14 LB,Medium,4 - 20G,Fast,(Comp),Fuji,Normal,RM169,,,,12M,RM 169,RM 169,0
283701,Relix Nusantara,Rotan Galatama,Travel (Casting),Spinning,6',3PCS,8 - 17 LB,Medium,7 - 23G,Fast,(Comp),Fuji,Normal,RM169,,,,12M,RM 169,RM 169,0
824139,Rapala,Trailblazer Belize,Travel (Jigging/Btm),Spinning,6'3,4PCS,0.8 - 1.5 PE,Medium,120G Max,Fast,(Comp),Fuji,Fuji,RM580,RM 50,,RM 30,0,RM 530,RM 500,0
713515,Penn,Wrath II Boat Squid,Travel (Squid),Spinning,6',3PCS,50 - 150 G,0,50 - 150G,Fast,(Comp),Titanium,Normal,RM139,,,RM 10,0,RM 139,RM 129,0
713516,Penn,Wrath II Boat Squid,Travel (Squid),Spinning,7',3PCS,50 - 150 G,0,50 - 150G,Moderate,(Comp),Titanium,Normal,RM149,,,RM 10,0,RM 149,RM 139,0
824144,Rapala,Trail Blazer,Travel (Casting),Spinning,"7'3""",4PCS,10 - 30 LB,Heavy,60G Max,Fast,Carbon,Fuji,Fuji,RM680,RM 50,,RM 30,0,RM 630,RM 600,0
263216,Eupro,Blue Heron,Travel (Jigging/Btm),Spinning,7'6,4PCS,2 - 4 PE,Medium,28 - 90G,Fast,(Comp),Normal,Fuji,RM425,RM 40,,,0,RM 385,RM 385,0
150,Viper,Ranger,Single Hand (Casting),BC,6',2PCS,8 - 20 LB,Medium Heavy,6 - 30G,Fast,(Comp),Normal,Normal,RM150,,,RM 10,0,RM 150,RM 140,0
824131,Rapala,Countdown Finesse Casting,Travel (Casting),BC,"6'6""",4PCS,3 - 8 LB,Ultra Light,1/8 - 3/8OZ,Moderate - Fast,Carbon,Fuji,Aluminium,RM725,,,RM 30,0,RM 725,RM 695,0
103623,Seahawk,Journey Travel,Travel (Casting),BC,"5'10""",4PCS,8 - 20 LB,Medium Heavy,9 - 25G,Fast,(Comp),Fuji,Normal,RM180,,,RM 20,0,RM 180,RM 160,0
103622,Seahawk,Journey Travel,Travel (Casting),BC,"5'10""",4PCS,6 - 14 LB,Medium,7 - 18G,Fast,(Comp),Fuji,Normal,RM180,,,RM 20,0,RM 180,RM 160,0
393054,Gawas,Angler's Desire Tour Limited Edition,Travel (Casting),BC,6',5PCS,10 - 20 LB,Medium Heavy,8 - 25G,Fast,Graphite,Fuji,Fuji,RM280,,,,0,RM 280,RM 280,0
283681,Relix Nusantara,Capung,Casting,BC,"7'3""",2PCS,4 - 8 LB,Ultra Light,2 - 12G,Moderate,Graphite,Sea,Normal,RM129,,,,12M,RM 129,RM 129,0
543700,Shimano,18' Bass One XT,Casting,BC,6',2PCS,10 - 20 LB,Medium Heavy,7 - 21G,Fast,Carbon,Normal,Normal,RM340,RM 30,,,12M,RM 310,RM 310,0
543820,Shimano,22' Majestic XT,Casting,BC,"7'4""",2PCS,10 - 20 LB,Medium Heavy,10 - 35G,Fast,Carbon,Fuji,Normal,RM180,,,RM 10,12M,RM 180,RM 170,0
713005,Abu Garcia,24' Revo X,Casting,BC,7',BJ,12 - 30 LB,Heavy,15 - 45G,Fast,Graphite,Normal,Normal,RM235,,,RM 20,0,RM 235,RM 215,0
393592,Lemax,Gunfire,Casting,BC,7',2PCS,10 - 25 LB,Heavy,10 - 50G,Moderate,(Comp),Normal,Normal,RM85,,,,0,RM 85,RM 85,0
543668,Shimano,20' Zodias 1610,Casting,BC,"6'10""",2PCS,8 - 16 LB,Medium,7 - 21G,Fast,Graphite,CI4+,Normal,RM555,RM 50,,RM 10,0,RM 505,RM 495,0
543640,Shimano,20' Zodias 1610,Casting,BC,"6'10""",2PCS,10 - 20 LB,Medium Heavy,10 - 30G,Fast,Graphite,CI4+,Normal,RM555,RM 50,,RM 10,0,RM 505,RM 495,0
543819,Shimano,22' Majestuic XT,Casting,BC,"6'10""",2PCS,8 - 16 LB,Medium,7 - 28G,Fast,Graphite,CI4+,Normal,RM180,,,RM 10,0,RM 180,RM 170,0
543704,Shimano,21' Zodias 1610,Casting,BC,"6'10""",2PCS,6 - 12 LB,Medium Light,5 - 15G,Fast,Graphite,CI4+,Normal,RM520,,,RM 10,0,RM 520,RM 510,0
543834,Shimano,23' Vengeance AS,Casting,BC,"6'10""",2PCS,8 - 17 LB,Medium Light,7 - 25G,Fast,Carbon,Fuji,Fuji,RM225,,,,0,RM 225,RM 225,0
824108,Rapala,Mojo,Casting,BC,"6'8""",1PCS,8 - 16 LB,Medium,7 - 21G,Moderate - Fast,Carbon,Fuji,Normal,RM500,RM 40,,,0,RM 460,RM 460,0
824135,Rapala,Classic Vaaksy,Casting,BC,"6'8""",1PCS,8 - 20 LB,Medium Heavy,7 - 28G,Fast,Carbon,Fuji,Fuji,RM455,RM 40,,RM 30,0,RM 415,RM 385,0
824120,Rapala,Classic Vaaksy,Casting,BC,"6'8""",2PCS,8 - 20 LB,Medium Heavy,7 - 28G,Fast,Carbon,Fuji,Fuji,RM455,RM 40,,RM 30,0,RM 415,RM 385,0
113556,Daiwa,23' Phantom Versatile,Casting,BC,"6'6""",BJ,15 - 30 LB,Heavy,100G Max,Fast,Graphite,Fuji,Stainless Steel,RM185,,,RM 10,0,RM 185,RM 175,0
103535,Seahawk,Combat Trike,Casting,BC,"6'6""",2PCS,12 - 25 LB,Medium Heavy,12 - 30G,Fast,(Comp),Normal,Aluminium,RM120,,,RM 10,0,RM 120,RM 110,0
103454,Seahawk,Combat Stick,Casting,BC,"6'6""",2PCS,12 - 25 LB,Medium Heavy,15 - 30G,Fast,(Comp),Normal,Aluminium,RM110,,,RM 10,0,RM 110,RM 100,0
103580,Seahawk,Power Seven,Casting,BC,"6'6""",2PCS,12 - 25 LB,Medium Heavy,15 - 40G,Moderate,(Comp),Normal,Normal,RM65,,,,0,RM 65,RM 65,0
153545,Abu Garcia,21' Conolon Gold,Casting,BC,"6'6""",2PCS,12 - 25 LB,Medium Heavy,10 - 30G,Fast,Carbon,Normal,Normal,RM129,,,,0,RM 129,RM 129,0
263215,Eupro,Twister,Casting,BC,"6'6""",2PCS,10 - 25 LB,Medium Heavy,30G,Fast,(Comp),Normal,Normal,RM150,,,RM 10,0,RM 150,RM 140,0
393518,Lemax,Raptor-X,Casting,BC,"6'6""",2PCS,10 - 25 LB,Medium Heavy,12 - 30G,Moderate - Fast,(Comp),SiC,Normal,RM109,,,RM 10,0,RM 109,RM 99,0
713803,Abu Garcia,20' Ascalon,Casting,BC,"6'6""",2PCS,10 - 25 LB,Medium Heavy,8 - 40G,Fast,Graphite,Normal,Normal,RM159,,,,0,RM 159,RM 159,0
993158,EXP,Triton Casting,Casting,BC,"6'6""",2PCS,10 - 22 LB,Medium Heavy,10 - 30G,Fast,Carbon,Normal,Normal,RM190,,,RM 20,0,RM 190,RM 170,0
263474,Eupro,Dark Ranger,Casting,BC,"6'6""",2PCS,10 - 20 LB,Medium Heavy,8 - 30G,Fast,Carbon,Normal,Normal,RM140,,,RM 10,0,RM 140,RM 130,0
153467,Abu Garcia,21' Max - STX,Casting,BC,"6'6""",2PCS,10 - 20 LB,Medium Heavy,3/8 - 1OZ,Fast,(Comp),Fuji,Normal,RM125,,,,0,RM 125,RM 125,0
153462,Abu Garcia,Max - X,Casting,BC,"6'6""",2PCS,10 - 20 LB,Medium Heavy,3/8 - 1OZ,Fast,(Comp),Normal,Normal,RM129,,,,0,RM 129,RM 129,0
713013,Abu Garcia,21' Max Pro,Casting,BC,"6'6""",2PCS,10 - 20 LB,Medium Heavy,3/4 - 1OZ,Fast,(Comp),Fuji,Normal,RM225,,,,0,RM 225,RM 225,0
113412,Daiwa,20' Crossfire,Casting,BC,"6'6""",2PCS,10 - 20 LB,Medium Heavy,7 - 28G,Fast,Graphite,Titanium,Stainless Steel,RM89,,,,0,RM 89,RM 89,0
113255,Daiwa,18' Crossfire,Casting,BC,"6'6""",2PCS,10 - 20 LB,Medium Heavy,1/4 - 1OZ,Fast,Graphite,Titanium,Stainless Steel,RM125,,,,0,RM 125,RM 125,0
543757,Shimano,23' Baa One XT,Casting,BC,"6'6""",2PCS,10 - 20 LB,Medium Heavy,10 - 30G,Fast,Graphite,CI4+,CI4+,RM385,RM 30,,,12M,RM 355,RM 355,0
113643,Daiwa,25' Crossfire - X,Casting,BC,"6'6""",2PCS,10 - 20 LB,Medium Heavy,7 - 28G,Fast,Graphite,Titanium,Stainless Steel,RM125,,,RM 10,0,RM 125,RM 115,-1
393517,Lemax,Raptor - X,Casting,BC,6'3,2PCS,10 - 20 LB,Medium Heavy,12 - 25G,Fast,(Comp),SiC,Normal,RM105,,,RM 10,0,RM 105,RM 95,0
263480,Eupro,Madness XDR,Casting,BC,"6'6""",2PCS,8 - 15 LB,Medium Light,9 - 20G,Moderate - Fast,Graphite,Normal,Normal,RM130,,,RM 10,0,RM 130,RM 120,0
843109,Bullzen,Hyuga Ragnarok,Single Hand (Casting),BC,"5'8""",2PCS,2 - 6 LB,Ultra Light,2 - 6G,Slow - Moderate,Carbon,Normal,Normal,RM125,,,RM 10,0,RM 125,RM 115,-1
813024,Viper,Tanto,Single Hand (Casting),BC,"5'2""",1PCS,5 - 14 LB,Medium Light,1/10 - 3/7OZ,Fast,Graphite,Normal,Normal,RM155,,,RM 10,0,RM 155,RM 145,0
393629,Gawas,Team Gawas Finesse,Single Hand (Casting),BC,5',1PCS,3 - 8 LB,Ultra Light,2 - 8G,Fast,Carbon,Fuji,Aluminium,RM288,,,RM 30,Lifetime,RM 288,RM 258,0
813122,Rodford,Guncast 2,Single Hand (Casting),BC,"5'6""",1PCS,5 - 14 LB,Medium Light,4 - 15G,Fast,Graphite,Zirconia,Fuji,RM210,,,RM 20,0,RM 210,RM 190,0
283716,Awa-Shima,Full Moon Stick,Single Hand (Casting),BC,5'3,1PCS,5 - 14 LB,Medium Light,4 - 16G,Moderate,Carbon,Normal,Normal,RM99,,,RM 10,3M,RM 99,RM 89,-1
283750,Gtech,Giant Shooter,Single Hand (Casting),BC,5'3,1PCS,5 - 14 LB,Medium Light,4 - 16G,Moderate,Carbon,Normal,Aluminium,RM169,,,RM 10,1M,RM 169,RM 159,0
283749,Gtech,Giant Shooter,Single Hand (Casting),BC,5',1PCS,4 - 12 LB,Medium Light,3 - 14G,Moderate,Carbon,Normal,Aluminium,RM165,,,RM 10,0,RM 165,RM 155,0
283751,Gtech,Giant Shooter,Single Hand (Casting),BC,"5'6""",1PCS,8 - 16 LB,Medium Light,7 - 21G,Fast,Carbon,Normal,Aluminium,RM175,,,RM 10,0,RM 175,RM 165,0
263310,Eupro,Lunastick Classic,Single Hand (Casting),BC,"5'8""",1PCS,5 - 14 LB,Medium Light,3 - 12G,Moderate - Fast,Graphite,Fuji,Aluminium,RM135,,,RM 10,0,RM 135,RM 125,0
103642,Seahawk,Stream Cast,Single Hand (Casting),BC,5'3,2PCS,4 - 12 LB,Medium Light,4 - 18G,Moderate,Carbon,SiC,Aluminium,RM145,,,RM 10,0,RM 145,RM 135,0
843166,Bullzen,Hyuga Ragnarok Finesse,Single Hand (Casting),BC,"5'8""",2PCS,3 - 8 LB,Ultra Light,4 - 10G,Moderate,Carbon,Normal,Normal,RM120,,,RM 10,0,RM 120,RM 110,0
843110,Bullzen,Hyuga Ragnarok,Single Hand (Casting),BC,"5'8""",2PCS,3 - 8 LB,Ultra Light,4 - 10G,Slow - Moderate,Carbon,Normal,Normal,RM130,,,RM 10,0,RM 130,RM 120,0
843167,Bullzen,Hyuga Ragnarok Finesse,Single Hand (Casting),BC,"5'8""",2PCS,4 - 10 LB,Medium Light,6 - 14G,Moderate,Carbon,Normal,Normal,RM120,,,RM 10,0,RM 120,RM 110,0
263124,Eupro,Imagine,Casting,Spinning,"4'6""",1PCS,4 - 12 LB,Medium Light,4 - 16G,Fast,Carbon,Normal,Normal,RM110,,,RM 10,0,RM 110,RM 100,0
713700,Ugly Stik,USGXSP,Squid,Spinning,"5'10""",2PCS,2 - 6 LB,Ultra Light,0,Slow - Moderate,Graphite,Normal,Normal,RM129,,,RM 10,0,RM 129,RM 119,0
103197,Team Seahawk,Randuk,Single Hand (Casting),Spinning,5',1PCS,4 - 10 LB,Light,5 - 12G,Moderate,Carbon,Normal,Normal,RM240,,,RM 20,0,RM 240,RM 220,0
103644,Seahawk,Stream Cast,Single Hand (Casting),Spinning,5'3,2PCS,4 - 12 LB,Medium Light,4 - 18G,Moderate,Carbon,SiC,Aluminium,RM129,,,RM 10,0,RM 129,RM 119,0
103595,Team Seahawk,Randuk,Single Hand (Casting),Spinning,5'3,1PCS,5 - 12 LB,Medium Light,6 - 15G,Slow,Carbon,Normal,Aluminium,RM240,,,RM 20,0,RM 240,RM 220,0
393213,Lemax,Slim Max Micro Game,Casting,Spinning,"5'6""",2PCS,3 - 8 LB,Ultra Light,3 - 10G,Fast,Carbon,Normal,Normal,RM115,,,RM 10,0,RM 115,RM 105,0
103277,Team Seahawk,Randuk,Single Hand (Casting),Spinning,"5'6""",1PCS,5 - 12 LB,Medium Light,6 - 15G,Slow - Moderate,Carbon,Normal,Aluminium,RM240,,,RM 20,0,RM 240,RM 220,0
103645,Seahawk,Stream Cast,Single Hand (Casting),Spinning,"5'6""",2PCS,5 - 16 LB,Medium Light,4 - 22G,Moderate - Fast,Carbon,SiC,Aluminium,RM135,,,RM 10,0,RM 135,RM 125,0
713713,Ugly Stik,GX2 US Spin Elite,Squid,Spinning,"5'6""",2PCS,4 - 8 LB,Ultra Light,1/16 - 3/8OZ,Slow - Moderate,Graphite,Stainless Steel,Normal,RM189,,,RM 20,7YRS,RM 189,RM 169,0
393211,Lemax,Slim Max Micro Game,Casting,Spinning,"5'6""",2PCS,2 - 6 LB,Ultra Light,2 - 7G,Slow - Moderate,Carbon,Normal,Normal,RM109,,,RM 10,0,RM 109,RM 99,0
103648,Seahawk,Flexis Lite RX,Casting,Spinning,"6'6""",2PCS,4 - 10 LB,Light,5 - 12G,Extra Fast,Carbon,Fuji,Normal,RM165,,,RM 10,0,RM 165,RM 155,4
393417,Lemax,Japan Finesse Hunter,Casting,Spinning,"5'6""",BJ,4 - 12 LB,Medium Light,7 - 15G,Moderate,Carbon,Normal,Normal,RM109,,,RM 10,0,RM 109,RM 99,0
113428,Daiwa,20' Crossfire-X ULG,Casting,Spinning,"5'9""",2PCS,2 - 6 LB,Ultra Light,1.7 - 12G,Fast,Graphite,Titanium,Stainless Steel,RM119,,,,0,RM 119,RM 119,0
843164,Bullzen,Hyuga Ragnarok Finesse,Casting,Spinning,"5'8""",2PCS,2 - 6 LB,Ultra Light,2 - 6G,Moderate,Carbon,Normal,Normal,RM120,,,RM 10,0,RM 120,RM 110,0
843170,Bullzen,Hyuga Ragnarok Finesse,Casting,Spinning,"5'8""",2PCS,4 - 10 LB,Light,6 - 14G,Fast,Carbon,Normal,Normal,RM120,,,RM 10,0,RM 120,RM 110,0
264164,Eupro,Feather Light,Casting,Spinning,6',2PCS,2 - 6 LB,Ultra Light,3 - 8G,Slow - Moderate,Carbon,Fuji,Normal,RM250,RM 30,,RM 20,0,RM 220,RM 200,0
713708,Ugly Stik,GX2-USGXSP,Casting,Spinning,6',2PCS,4 - 10 LB,Light,0,Slow - Moderate,Graphite,Normal,Normal,RM145,,,RM 10,0,RM 145,RM 135,0
283667,Awa-Shima,24' Incomparable Light,Casting,Spinning,6',2PCS,2 - 6 LB,Ultra Light,2 - 10G,Slow - Moderate,Carbon,Normal,Aluminium,RM49,,,,3M,RM 49,RM 49,-1
103522,Seahawk,Flexis Lite,Casting,Spinning,6'3,2PCS,2 - 6 LB,Ultra Light,2 - 8G,Fast,(Comp),Normal,Normal,RM115,,,RM 10,0,RM 115,RM 105,0
393627,Lemax,Slim Max Micro Game,Casting,BC,"5'6""",2PCS,3 - 8 LB,Ultra Light,3 - 10G,Fast,Carbon,Normal,Normal,RM115,,,RM 10,0,RM 115,RM 105,0
393215,Lemax,Slim Max Micro Game,Casting,BC,6',2PCS,3 - 8 LB,Ultra Light,3 - 10G,Fast,Carbon,Normal,Normal,RM119,,,RM 10,0,RM 119,RM 109,0
103471,Seahawk,Rover Lite,Casting,BC,6'3,2PCS,2 - 6 LB,Ultra Light,4 - 8G,Moderate - Fast,Carbon,Normal,Normal,RM125,,,RM 10,0,RM 125,RM 115,0
103169,Seahawk,Flexis Lite,Casting,BC,6'3,2PCS,2 - 6 LB,Ultra Light,2 - 8G,Moderate - Fast,(Comp),Normal,Normal,RM115,,,RM 10,0,RM 115,RM 105,0
103649,Seahawk,Flexis Lite RX,Casting,BC,6'3,2PCS,4 - 10 LB,Light,5 - 12G,Fast,Carbon,Fuji,Normal,RM165,,,RM 10,0,RM 165,RM 155,4
824051,Rapala,BFS Red Darter,Casting,BC,"6'5""",1PCS,4 - 8 LB,Ultra Light,2 - 10G,Fast,Graphite,Fuji,Normal,RM520,RM 40,,,0,RM 480,RM 480,0
283673,Relix Nusantara,Capung,Casting,BC,"6'6""",2PCS,1 - 5 LB,Ultra Light,1 - 8G,Moderate - Fast,Carbon,Sea,Normal,RM109,,,,12M,RM 109,RM 109,0
263406,Eupro,Crossfire X,Casting,Spinning,7',2PCS,4 - 10 LB,Light,5 - 15G,Fast,Graphite,SiC,Normal,RM145,,,RM 10,0,RM 145,RM 135,0
713712,Ugly Stik,GX2-USSP,Squid,Spinning,7',2PCS,2 - 6 LB,Ultra Light,0,Slow,Graphite,Normal,Normal,RM149,,,RM 10,0,RM 149,RM 139,0
113548,Daiwa,22' Aerolite,Casting,Spinning,"6'8""",2PCS,3 - 8 LB,Ultra Light,2 - 14G,Fast,Graphite,Fuji,Normal,RM225,,,RM 10,0,RM 225,RM 215,0
543737,Shimano,22' Majestic XT,Casting,Spinning,"6'8""",2PCS,3 - 6 LB,Ultra Light,5 - 15G,Fast,Carbon,Fuji,Normal,RM180,,,RM 10,12M,RM 180,RM 170,0
713806,Shakespeare,Micro Series,Casting,Spinning,"6'6""",1PCS,4 - 10 LB,Light,0,Moderate,Graphite,Stainless Steel,Normal,RM99,,,,0,RM 99,RM 99,0
113547,Daiwa,22' Aerolite,Casting,Spinning,"6'5""",2PCS,2 - 6 LB,Ultra Light,1.7 - 12G,Slow - Moderate,Graphite,Fuji,Normal,RM225,,,RM 10,0,RM 225,RM 215,0
263405,Eupro,Crossfire X,Casting,Spinning,"6'6""",2PCS,3 - 8 LB,Ultra Light,2 - 12G,Fast,Graphite,SiC,Normal,RM140,,,RM 10,0,RM 140,RM 130,0
824058,Storm,Discovery,Casting,Spinning,"6'6""",2PCS,2 - 6 LB,Ultra Light,3 - 7G,Moderate,(Comp),Fuji,Fuji,RM260,RM 30,,RM 20,0,RM 230,RM 210,0
543855,Shimano,22' Majestic XT,Casting,Spinning,"6'4""",2PCS,2 - 5 LB,Ultra Light,3 - 10G,Fast,Carbon,Fuji,Normal,RM180,,,RM 10,12M,RM 180,RM 170,0
103647,Seahawk,Flexis Lite RX,Casting,Spinning,6'3,2PCS,3 - 8 LB,Ultra Light,4 - 10G,Fast,Carbon,Fuji,Normal,RM165,,,RM 10,0,RM 165,RM 155,4
113427,Daiwa,20' Crossfire-X ULG,Casting,Spinning,6'3,2PCS,2 - 6 LB,Ultra Light,1.7 - 12G,Fast,Graphite,Titanium,Stainless Steel,RM119,,,,0,RM 119,RM 119,0
283668,Awa-Shima,24' Incomparable Light,Casting,Spinning,6'3,2PCS,2 - 6 LB,Ultra Light,2 - 10G,Slow,Carbon,Normal,Normal,RM49,,,,3M,RM 49,RM 49,0
0,0,0,0,0,0,0,   ,0,0,0,0,0,0,,,,,0,,,0
0,0,0,0,0,0,0,   ,0,0,0,0,0,0,,,,,0,,,0
0,0,0,0,0,0,0,   ,0,0,0,0,0,0,,,,,0,,,0
0,0,0,0,0,0,0,   ,0,0,0,0,0,0,,,,,0,,,0
0,0,0,0,0,0,0,   ,0,0,0,0,0,0,,,,,0,,,0
0,0,0,0,0,0,0,   ,0,0,0,0,0,0,,,,,0,,,0
0,0,0,0,0,0,0,   ,0,0,0,0,0,0,,,,,0,,,0
0,0,0,0,0,0,0,   ,0,0,0,0,0,0,,,,,0,,,0
0,0,0,0,0,0,0,   ,0,0,0,0,0,0,,,,,0,,,0
0,0,0,0,0,0,0,   ,0,0,0,0,0,0,,,,,0,,,0
0,0,0,0,0,0,0,   ,0,0,0,0,0,0,,,,,0,,,0
0,0,0,0,0,0,0,   ,0,0,0,0,0,0,,,,,0,,,0
0,0,0,0,0,0,0,   ,0,0,0,0,0,0,,,,,0,,,0
0,0,0,0,0,0,0,   ,0,0,0,0,0,0,,,,,0,,,0
0,0,0,0,0,0,0,   ,0,0,0,0,0,0,,,,,0,,,0
0,0,0,0,0,0,0,   ,0,0,0,0,0,0,,,,,0,,,0
0,0,0,0,0,0,0,   ,0,0,0,0,0,0,,,,,0,,,0
0,0,0,0,0,0,0,   ,0,0,0,0,0,0,,,,,0,,,0
0,0,0,0,0,0,0,   ,0,0,0,0,0,0,,,,,0,,,0
0,0,0,0,0,0,0,   ,0,0,0,0,0,0,,,,,0,,,0
0,0,0,0,0,0,0,   ,0,0,0,0,0,0,,,,,0,,,0
0,0,0,0,0,0,0,   ,0,0,0,0,0,0,,,,,0,,,0
0,0,0,0,0,0,0,   ,0,0,0,0,0,0,,,,,0,,,0
0,0,0,0,0,0,0,   ,0,0,0,0,0,0,,,,,0,,,0
0,0,0,0,0,0,0,   ,0,0,0,0,0,0,,,,,0,,,0
0,0,0,0,0,0,0,   ,0,0,0,0,0,0,,,,,0,,,0
0,0,0,0,0,0,0,   ,0,0,0,0,0,0,,,,,0,,,0
0,0,0,0,0,0,0,   ,0,0,0,0,0,0,,,,,0,,,0
0,0,0,0,0,0,0,   ,0,0,0,0,0,0,,,,,0,,,0
0,0,0,0,0,0,0,   ,0,0,0,0,0,0,,,,,0,,,0
0,0,0,0,0,0,0,   ,0,0,0,0,0,0,,,,,0,,,0
0,0,0,0,0,0,0,   ,0,0,0,0,0,0,,,,,0,,,0
0,0,0,0,0,0,0,   ,0,0,0,0,0,0,,,,,0,,,0
0,0,0,0,0,0,0,   ,0,0,0,0,0,0,,,,,0,,,0
0,0,0,0,0,0,0,   ,0,0,0,0,0,0,,,,,0,,,0
0,0,0,0,0,0,0,   ,0,0,0,0,0,0,,,,,0,,,0
0,0,0,0,0,0,0,   ,0,0,0,0,0,0,,,,,0,,,0
0,0,0,0,0,0,0,   ,0,0,0,0,0,0,,,,,0,,,0
0,0,0,0,0,0,0,   ,0,0,0,0,0,0,,,,,0,,,0
0,0,0,0,0,0,0,   ,0,0,0,0,0,0,,,,,0,,,0
0,0,0,0,0,0,0,   ,0,0,0,0,0,0,,,,,0,,,0
0,0,0,0,0,0,0,   ,0,0,0,0,0,0,,,,,0,,,0
0,0,0,0,0,0,0,   ,0,0,0,0,0,0,,,,,0,,,0
0,0,0,0,0,0,0,   ,0,0,0,0,0,0,,,,,0,,,0
0,0,0,0,0,0,0,   ,0,0,0,0,0,0,,,,,0,,,0
0,0,0,0,0,0,0,   ,0,0,0,0,0,0,,,,,0,,,0
0,0,0,0,0,0,0,   ,0,0,0,0,0,0,,,,,0,,,0
0,0,0,0,0,0,0,   ,0,0,0,0,0,0,,,,,0,,,0
0,0,0,0,0,0,0,   ,0,0,0,0,0,0,,,,,0,,,0
0,0,0,0,0,0,0,   ,0,0,0,0,0,0,,,,,0,,,0
0,0,0,0,0,0,0,   ,0,0,0,0,0,0,,,,,0,,,0
0,0,0,0,0,0,0,   ,0,0,0,0,0,0,,,,,0,,,0
0,0,0,0,0,0,0,   ,0,0,0,0,0,0,,,,,0,,,0
0,0,0,0,0,0,0,   ,0,0,0,0,0,0,,,,,0,,,0
0,0,0,0,0,0,0,   ,0,0,0,0,0,0,,,,,0,,,0
0,0,0,0,0,0,0,   ,0,0,0,0,0,0,,,,,0,,,0
0,0,0,0,0,0,0,   ,0,0,0,0,0,0,,,,,0,,,0
0,0,0,0,0,0,0,   ,0,0,0,0,0,0,,,,,0,,,0
0,0,0,0,0,0,0,   ,0,0,0,0,0,0,,,,,0,,,0
0,0,0,0,0,0,0,   ,0,0,0,0,0,0,,,,,0,,,0
0,0,0,0,0,0,0,   ,0,0,0,0,0,0,,,,,0,,,0
0,0,0,0,0,0,0,   ,0,0,0,0,0,0,,,,,0,,,0
0,0,0,0,0,0,0,   ,0,0,0,0,0,0,,,,,0,,,0
0,0,0,0,0,0,0,   ,0,0,0,0,0,0,,,,,0,,,0
0,0,0,0,0,0,0,   ,0,0,0,0,0,0,,,,,0,,,0
0,0,0,0,0,0,0,   ,0,0,0,0,0,0,,,,,0,,,0
0,0,0,0,0,0,0,   ,0,0,0,0,0,0,,,,,0,,,0
0,0,0,0,0,0,0,   ,0,0,0,0,0,0,,,,,0,,,0
0,0,0,0,0,0,0,   ,0,0,0,0,0,0,,,,,0,,,0
0,0,0,0,0,0,0,   ,0,0,0,0,0,0,,,,,0,,,0
0,0,0,0,0,0,0,   ,0,0,0,0,0,0,,,,,0,,,0
0,0,0,0,0,0,0,   ,0,0,0,0,0,0,,,,,0,,,0
0,0,0,0,0,0,0,   ,0,0,0,0,0,0,,,,,0,,,0
0,0,0,0,0,0,0,   ,0,0,0,0,0,0,,,,,0,,,0
0,0,0,0,0,0,0,   ,0,0,0,0,0,0,,,,,0,,,0
0,0,0,0,0,0,0,   ,0,0,0,0,0,0,,,,,0,,,0
0,0,0,0,0,0,0,   ,0,0,0,0,0,0,,,,,0,,,0
0,0,0,0,0,0,0,   ,0,0,0,0,0,0,,,,,0,,,0
0,0,0,0,0,0,0,   ,0,0,0,0,0,0,,,,,0,,,0
0,0,0,0,0,0,0,   ,0,0,0,0,0,0,,,,,0,,,0
0,0,0,0,0,0,0,   ,0,0,0,0,0,0,,,,,0,,,0
0,0,0,0,0,0,0,   ,0,0,0,0,0,0,,,,,0,,,0
0,0,0,0,0,0,0,   ,0,0,0,0,0,0,,,,,0,,,0
0,0,0,0,0,0,0,   ,0,0,0,0,0,0,,,,,0,,,0
0,0,0,0,0,0,0,   ,0,0,0,0,0,0,,,,,0,,,0
0,0,0,0,0,0,0,   ,0,0,0,0,0,0,,,,,0,,,0
0,0,0,0,0,0,0,   ,0,0,0,0,0,0,,,,,0,,,0
0,0,0,0,0,0,0,   ,0,0,0,0,0,0,,,,,0,,,0
0,0,0,0,0,0,0,   ,0,0,0,0,0,0,,,,,0,,,0
0,0,0,0,0,0,0,   ,0,0,0,0,0,0,,,,,0,,,0
0,0,0,0,0,0,0,   ,0,0,0,0,0,0,,,,,0,,,0
0,0,0,0,0,0,0,   ,0,0,0,0,0,0,,,,,0,,,0
0,0,0,0,0,0,0,   ,0,0,0,0,0,0,,,,,0,,,0
0,0,0,0,0,0,0,   ,0,0,0,0,0,0,,,,,0,,,0
0,0,0,0,0,0,0,   ,0,0,0,0,0,0,,,,,0,,,0
0,0,0,0,0,0,0,   ,0,0,0,0,0,0,,,,,0,,,0
0,0,0,0,0,0,0,   ,0,0,0,0,0,0,,,,,0,,,0
0,0,0,0,0,0,0,   ,0,0,0,0,0,0,,,,,0,,,0
0,0,0,0,0,0,0,   ,0,0,0,0,0,0,,,,,0,,,0
0,0,0,0,0,0,0,   ,0,0,0,0,0,0,,,,,0,,,0
0,0,0,0,0,0,0,   ,0,0,0,0,0,0,,,,,0,,,0
0,0,0,0,0,0,0,   ,0,0,0,0,0,0,,,,,0,,,0
0,0,0,0,0,0,0,   ,0,0,0,0,0,0,,,,,0,,,0
0,0,0,0,0,0,0,   ,0,0,0,0,0,0,,,,,0,,,0
0,0,0,0,0,0,0,   ,0,0,0,0,0,0,,,,,0,,,0
0,0,0,0,0,0,0,   ,0,0,0,0,0,0,,,,,0,,,0
0,0,0,0,0,0,0,   ,0,0,0,0,0,0,,,,,0,,,0
0,0,0,0,0,0,0,   ,0,0,0,0,0,0,,,,,0,,,0
0,0,0,0,0,0,0,   ,0,0,0,0,0,0,,,,,0,,,0
0,0,0,0,0,0,0,   ,0,0,0,0,0,0,,,,,0,,,0
0,0,0,0,0,0,0,   ,0,0,0,0,0,0,,,,,0,,,0
0,0,0,0,0,0,0,   ,0,0,0,0,0,0,,,,,0,,,0
0,0,0,0,0,0,0,   ,0,0,0,0,0,0,,,,,0,,,0
0,0,0,0,0,0,0,   ,0,0,0,0,0,0,,,,,0,,,0
0,0,0,0,0,0,0,   ,0,0,0,0,0,0,,,,,0,,,0
0,0,0,0,0,0,0,   ,0,0,0,0,0,0,,,,,0,,,0
0,0,0,0,0,0,0,   ,0,0,0,0,0,0,,,,,0,,,0
0,0,0,0,0,0,0,   ,0,0,0,0,0,0,,,,,0,,,0
0,0,0,0,0,0,0,   ,0,0,0,0,0,0,,,,,0,,,0
0,0,0,0,0,0,0,   ,0,0,0,0,0,0,,,,,0,,,0
0,0,0,0,0,0,0,   ,0,0,0,0,0,0,,,,,0,,,0
0,0,0,0,0,0,0,   ,0,0,0,0,0,0,,,,,0,,,0
0,0,0,0,0,0,0,   ,0,0,0,0,0,0,,,,,0,,,0
0,0,0,0,0,0,0,   ,0,0,0,0,0,0,,,,,0,,,0
0,0,0,0,0,0,0,   ,0,0,0,0,0,0,,,,,0,,,0
0,0,0,0,0,0,0,   ,0,0,0,0,0,0,,,,,0,,,0
0,0,0,0,0,0,0,   ,0,0,0,0,0,0,,,,,0,,,0
0,0,0,0,0,0,0,   ,0,0,0,0,0,0,,,,,0,,,0
0,0,0,0,0,0,0,   ,0,0,0,0,0,0,,,,,0,,,0
0,0,0,0,0,0,0,   ,0,0,0,0,0,0,,,,,0,,,0
0,0,0,0,0,0,0,   ,0,0,0,0,0,0,,,,,0,,,0
0,0,0,0,0,0,0,   ,0,0,0,0,0,0,,,,,0,,,0
0,0,0,0,0,0,0,   ,0,0,0,0,0,0,,,,,0,,,0
0,0,0,0,0,0,0,   ,0,0,0,0,0,0,,,,,0,,,0
0,0,0,0,0,0,0,   ,0,0,0,0,0,0,,,,,0,,,0
0,0,0,0,0,0,0,   ,0,0,0,0,0,0,,,,,0,,,0
0,0,0,0,0,0,0,   ,0,0,0,0,0,0,,,,,0,,,0
0,0,0,0,0,0,0,   ,0,0,0,0,0,0,,,,,0,,,0
0,0,0,0,0,0,0,   ,0,0,0,0,0,0,,,,,0,,,0
0,0,0,0,0,0,0,   ,0,0,0,0,0,0,,,,,0,,,0
0,0,0,0,0,0,0,   ,0,0,0,0,0,0,,,,,0,,,0
0,0,0,0,0,0,0,   ,0,0,0,0,0,0,,,,,0,,,0
0,0,0,0,0,0,0,   ,0,0,0,0,0,0,,,,,0,,,0
0,0,0,0,0,0,0,   ,0,0,0,0,0,0,,,,,0,,,0
0,0,0,0,0,0,0,   ,0,0,0,0,0,0,,,,,0,,,0
0,0,0,0,0,0,0,   ,0,0,0,0,0,0,,,,,0,,,0
0,0,0,0,0,0,0,   ,0,0,0,0,0,0,,,,,0,,,0
0,0,0,0,0,0,0,   ,0,0,0,0,0,0,,,,,0,,,0
0,0,0,0,0,0,0,   ,0,0,0,0,0,0,,,,,0,,,0
0,0,0,0,0,0,0,   ,0,0,0,0,0,0,,,,,0,,,0
0,0,0,0,0,0,0,   ,0,0,0,0,0,0,,,,,0,,,0
0,0,0,0,0,0,0,   ,0,0,0,0,0,0,,,,,0,,,0
0,0,0,0,0,0,0,   ,0,0,0,0,0,0,,,,,0,,,0
0,0,0,0,0,0,0,   ,0,0,0,0,0,0,,,,,0,,,0
0,0,0,0,0,0,0,   ,0,0,0,0,0,0,,,,,0,,,0
0,0,0,0,0,0,0,   ,0,0,0,0,0,0,,,,,0,,,0
0,0,0,0,0,0,0,   ,0,0,0,0,0,0,,,,,0,,,0
0,0,0,0,0,0,0,   ,0,0,0,0,0,0,,,,,0,,,0
0,0,0,0,0,0,0,   ,0,0,0,0,0,0,,,,,0,,,0
0,0,0,0,0,0,0,   ,0,0,0,0,0,0,,,,,0,,,0
0,0,0,0,0,0,0,   ,0,0,0,0,0,0,,,,,0,,,0
0,0,0,0,0,0,0,   ,0,0,0,0,0,0,,,,,0,,,0
0,0,0,0,0,0,0,   ,0,0,0,0,0,0,,,,,0,,,0
0,0,0,0,0,0,0,   ,0,0,0,0,0,0,,,,,0,,,0
0,0,0,0,0,0,0,   ,0,0,0,0,0,0,,,,,0,,,0
0,0,0,0,0,0,0,   ,0,0,0,0,0,0,,,,,0,,,0
0,0,0,0,0,0,0,   ,0,0,0,0,0,0,,,,,0,,,0
0,0,0,0,0,0,0,   ,0,0,0,0,0,0,,,,,0,,,0
0,0,0,0,0,0,0,   ,0,0,0,0,0,0,,,,,0,,,0
0,0,0,0,0,0,0,   ,0,0,0,0,0,0,,,,,0,,,0
0,0,0,0,0,0,0,   ,0,0,0,0,0,0,,,,,0,,,0
0,0,0,0,0,0,0,   ,0,0,0,0,0,0,,,,,0,,,0
0,0,0,0,0,0,0,   ,0,0,0,0,0,0,,,,,0,,,0
0,0,0,0,0,0,0,   ,0,0,0,0,0,0,,,,,0,,,0
0,0,0,0,0,0,0,   ,0,0,0,0,0,0,,,,,0,,,0
0,0,0,0,0,0,0,   ,0,0,0,0,0,0,,,,,0,,,0
0,0,0,0,0,0,0,   ,0,0,0,0,0,0,,,,,0,,,0
0,0,0,0,0,0,0,   ,0,0,0,0,0,0,,,,,0,,,0
0,0,0,0,0,0,0,   ,0,0,0,0,0,0,,,,,0,,,0
0,0,0,0,0,0,0,   ,0,0,0,0,0,0,,,,,0,,,0
0,0,0,0,0,0,0,   ,0,0,0,0,0,0,,,,,0,,,0
0,0,0,0,0,0,0,   ,0,0,0,0,0,0,,,,,0,,,0
0,0,0,0,0,0,0,   ,0,0,0,0,0,0,,,,,0,,,0
0,0,0,0,0,0,0,   ,0,0,0,0,0,0,,,,,0,,,0
0,0,0,0,0,0,0,   ,0,0,0,0,0,0,,,,,0,,,0
0,0,0,0,0,0,0,   ,0,0,0,0,0,0,,,,,0,,,0
0,0,0,0,0,0,0,   ,0,0,0,0,0,0,,,,,0,,,0
0,0,0,0,0,0,0,   ,0,0,0,0,0,0,,,,,0,,,0
0,0,0,0,0,0,0,   ,0,0,0,0,0,0,,,,,0,,,0
0,0,0,0,0,0,0,   ,0,0,0,0,0,0,,,,,0,,,0
0,0,0,0,0,0,0,   ,0,0,0,0,0,0,,,,,0,,,0
0,0,0,0,0,0,0,   ,0,0,0,0,0,0,,,,,0,,,0
0,0,0,0,0,0,0,   ,0,0,0,0,0,0,,,,,0,,,0
0,0,0,0,0,0,0,   ,0,0,0,0,0,0,,,,,0,,,0
0,0,0,0,0,0,0,   ,0,0,0,0,0,0,,,,,0,,,0
0,0,0,0,0,0,0,   ,0,0,0,0,0,0,,,,,0,,,0
0,0,0,0,0,0,0,   ,0,0,0,0,0,0,,,,,0,,,0
0,0,0,0,0,0,0,   ,0,0,0,0,0,0,,,,,0,,,0
0,0,0,0,0,0,0,   ,0,0,0,0,0,0,,,,,0,,,0
0,0,0,0,0,0,0,   ,0,0,0,0,0,0,,,,,0,,,0
0,0,0,0,0,0,0,   ,0,0,0,0,0,0,,,,,0,,,0
0,0,0,0,0,0,0,   ,0,0,0,0,0,0,,,,,0,,,0
0,0,0,0,0,0,0,   ,0,0,0,0,0,0,,,,,0,,,0
0,0,0,0,0,0,0,   ,0,0,0,0,0,0,,,,,0,,,0
0,0,0,0,0,0,0,   ,0,0,0,0,0,0,,,,,0,,,0
0,0,0,0,0,0,0,   ,0,0,0,0,0,0,,,,,0,,,0
0,0,0,0,0,0,0,   ,0,0,0,0,0,0,,,,,0,,,0
0,0,0,0,0,0,0,   ,0,0,0,0,0,0,,,,,0,,,0
0,0,0,0,0,0,0,   ,0,0,0,0,0,0,,,,,0,,,0
0,0,0,0,0,0,0,   ,0,0,0,0,0,0,,,,,0,,,0
0,0,0,0,0,0,0,   ,0,0,0,0,0,0,,,,,0,,,0
0,0,0,0,0,0,0,   ,0,0,0,0,0,0,,,,,0,,,0
0,0,0,0,0,0,0,   ,0,0,0,0,0,0,,,,,0,,,0
0,0,0,0,0,0,0,   ,0,0,0,0,0,0,,,,,0,,,0
0,0,0,0,0,0,0,   ,0,0,0,0,0,0,,,,,0,,,0
0,0,0,0,0,0,0,   ,0,0,0,0,0,0,,,,,0,,,0
0,0,0,0,0,0,0,   ,0,0,0,0,0,0,,,,,0,,,0
0,0,0,0,0,0,0,   ,0,0,0,0,0,0,,,,,0,,,0
0,0,0,0,0,0,0,   ,0,0,0,0,0,0,,,,,0,,,0
0,0,0,0,0,0,0,   ,0,0,0,0,0,0,,,,,0,,,0
0,0,0,0,0,0,0,   ,0,0,0,0,0,0,,,,,0,,,0
0,0,0,0,0,0,0,   ,0,0,0,0,0,0,,,,,0,,,0
0,0,0,0,0,0,0,   ,0,0,0,0,0,0,,,,,0,,,0
0,0,0,0,0,0,0,   ,0,0,0,0,0,0,,,,,0,,,0
0,0,0,0,0,0,0,   ,0,0,0,0,0,0,,,,,0,,,0
0,0,0,0,0,0,0,   ,0,0,0,0,0,0,,,,,0,,,0
0,0,0,0,0,0,0,   ,0,0,0,0,0,0,,,,,0,,,0
0,0,0,0,0,0,0,   ,0,0,0,0,0,0,,,,,0,,,0
0,0,0,0,0,0,0,   ,0,0,0,0,0,0,,,,,0,,,0
0,0,0,0,0,0,0,   ,0,0,0,0,0,0,,,,,0,,,0
0,0,0,0,0,0,0,   ,0,0,0,0,0,0,,,,,0,,,0
0,0,0,0,0,0,0,   ,0,0,0,0,0,0,,,,,0,,,0
0,0,0,0,0,0,0,   ,0,0,0,0,0,0,,,,,0,,,0
0,0,0,0,0,0,0,   ,0,0,0,0,0,0,,,,,0,,,0
0,0,0,0,0,0,0,   ,0,0,0,0,0,0,,,,,0,,,0
0,0,0,0,0,0,0,   ,0,0,0,0,0,0,,,,,0,,,0
0,0,0,0,0,0,0,   ,0,0,0,0,0,0,,,,,0,,,0
0,0,0,0,0,0,0,   ,0,0,0,0,0,0,,,,,0,,,0
0,0,0,0,0,0,0,   ,0,0,0,0,0,0,,,,,0,,,0
0,0,0,0,0,0,0,   ,0,0,0,0,0,0,,,,,0,,,0
0,0,0,0,0,0,0,   ,0,0,0,0,0,0,,,,,0,,,0
0,0,0,0,0,0,0,   ,0,0,0,0,0,0,,,,,0,,,0
0,0,0,0,0,0,0,   ,0,0,0,0,0,0,,,,,0,,,0
0,0,0,0,0,0,0,   ,0,0,0,0,0,0,,,,,0,,,0
0,0,0,0,0,0,0,   ,0,0,0,0,0,0,,,,,0,,,0
0,0,0,0,0,0,0,   ,0,0,0,0,0,0,,,,,0,,,0
0,0,0,0,0,0,0,   ,0,0,0,0,0,0,,,,,0,,,0
0,0,0,0,0,0,0,   ,0,0,0,0,0,0,,,,,0,,,0
0,0,0,0,0,0,0,   ,0,0,0,0,0,0,,,,,0,,,0
0,0,0,0,0,0,0,   ,0,0,0,0,0,0,,,,,0,,,0
0,0,0,0,0,0,0,   ,0,0,0,0,0,0,,,,,0,,,0
0,0,0,0,0,0,0,   ,0,0,0,0,0,0,,,,,0,,,0
0,0,0,0,0,0,0,   ,0,0,0,0,0,0,,,,,0,,,0
0,0,0,0,0,0,0,   ,0,0,0,0,0,0,,,,,0,,,0
0,0,0,0,0,0,0,   ,0,0,0,0,0,0,,,,,0,,,0
0,0,0,0,0,0,0,   ,0,0,0,0,0,0,,,,,0,,,0
0,0,0,0,0,0,0,   ,0,0,0,0,0,0,,,,,0,,,0
0,0,0,0,0,0,0,   ,0,0,0,0,0,0,,,,,0,,,0
0,0,0,0,0,0,0,   ,0,0,0,0,0,0,,,,,0,,,0
0,0,0,0,0,0,0,   ,0,0,0,0,0,0,,,,,0,,,0
0,0,0,0,0,0,0,   ,0,0,0,0,0,0,,,,,0,,,0
0,0,0,0,0,0,0,   ,0,0,0,0,0,0,,,,,0,,,0
0,0,0,0,0,0,0,   ,0,0,0,0,0,0,,,,,0,,,0
0,0,0,0,0,0,0,   ,0,0,0,0,0,0,,,,,0,,,0
0,0,0,0,0,0,0,   ,0,0,0,0,0,0,,,,,0,,,0
0,0,0,0,0,0,0,   ,0,0,0,0,0,0,,,,,0,,,0
0,0,0,0,0,0,0,   ,0,0,0,0,0,0,,,,,0,,,0
0,0,0,0,0,0,0,   ,0,0,0,0,0,0,,,,,0,,,0
0,0,0,0,0,0,0,   ,0,0,0,0,0,0,,,,,0,,,0
0,0,0,0,0,0,0,   ,0,0,0,0,0,0,,,,,0,,,0
0,0,0,0,0,0,0,   ,0,0,0,0,0,0,,,,,0,,,0
0,0,0,0,0,0,0,   ,0,0,0,0,0,0,,,,,0,,,0
0,0,0,0,0,0,0,   ,0,0,0,0,0,0,,,,,0,,,0
0,0,0,0,0,0,0,   ,0,0,0,0,0,0,,,,,0,,,0
0,0,0,0,0,0,0,   ,0,0,0,0,0,0,,,,,0,,,0
0,0,0,0,0,0,0,   ,0,0,0,0,0,0,,,,,0,,,0
0,0,0,0,0,0,0,   ,0,0,0,0,0,0,,,,,0,,,0
0,0,0,0,0,0,0,   ,0,0,0,0,0,0,,,,,0,,,0
0,0,0,0,0,0,0,   ,0,0,0,0,0,0,,,,,0,,,0
0,0,0,0,0,0,0,   ,0,0,0,0,0,0,,,,,0,,,0
0,0,0,0,0,0,0,   ,0,0,0,0,0,0,,,,,0,,,0
0,0,0,0,0,0,0,   ,0,0,0,0,0,0,,,,,0,,,0
0,0,0,0,0,0,0,   ,0,0,0,0,0,0,,,,,0,,,0
0,0,0,0,0,0,0,   ,0,0,0,0,0,0,,,,,0,,,0
0,0,0,0,0,0,0,   ,0,0,0,0,0,0,,,,,0,,,0
0,0,0,0,0,0,0,   ,0,0,0,0,0,0,,,,,0,,,0
0,0,0,0,0,0,0,   ,0,0,0,0,0,0,,,,,0,,,0
0,0,0,0,0,0,0,   ,0,0,0,0,0,0,,,,,0,,,0
0,0,0,0,0,0,0,   ,0,0,0,0,0,0,,,,,0,,,0
0,0,0,0,0,0,0,   ,0,0,0,0,0,0,,,,,0,,,0
0,0,0,0,0,0,0,   ,0,0,0,0,0,0,,,,,0,,,0
0,0,0,0,0,0,0,   ,0,0,0,0,0,0,,,,,0,,,0
0,0,0,0,0,0,0,   ,0,0,0,0,0,0,,,,,0,,,0
0,0,0,0,0,0,0,   ,0,0,0,0,0,0,,,,,0,,,0
0,0,0,0,0,0,0,   ,0,0,0,0,0,0,,,,,0,,,0
0,0,0,0,0,0,0,   ,0,0,0,0,0,0,,,,,0,,,0
0,0,0,0,0,0,0,   ,0,0,0,0,0,0,,,,,0,,,0
0,0,0,0,0,0,0,   ,0,0,0,0,0,0,,,,,0,,,0
0,0,0,0,0,0,0,   ,0,0,0,0,0,0,,,,,0,,,0
0,0,0,0,0,0,0,   ,0,0,0,0,0,0,,,,,0,,,0
0,0,0,0,0,0,0,   ,0,0,0,0,0,0,,,,,0,,,0
0,0,0,0,0,0,0,   ,0,0,0,0,0,0,,,,,0,,,0
0,0,0,0,0,0,0,   ,0,0,0,0,0,0,,,,,0,,,0
0,0,0,0,0,0,0,   ,0,0,0,0,0,0,,,,,0,,,0
0,0,0,0,0,0,0,   ,0,0,0,0,0,0,,,,,0,,,0
0,0,0,0,0,0,0,   ,0,0,0,0,0,0,,,,,0,,,0
0,0,0,0,0,0,0,   ,0,0,0,0,0,0,,,,,0,,,0
0,0,0,0,0,0,0,   ,0,0,0,0,0,0,,,,,0,,,0
0,0,0,0,0,0,0,   ,0,0,0,0,0,0,,,,,0,,,0
0,0,0,0,0,0,0,   ,0,0,0,0,0,0,,,,,0,,,0
0,0,0,0,0,0,0,   ,0,0,0,0,0,0,,,,,0,,,0
0,0,0,0,0,0,0,   ,0,0,0,0,0,0,,,,,0,,,0
0,0,0,0,0,0,0,   ,0,0,0,0,0,0,,,,,0,,,0
0,0,0,0,0,0,0,   ,0,0,0,0,0,0,,,,,0,,,0
0,0,0,0,0,0,0,   ,0,0,0,0,0,0,,,,,0,,,0
0,0,0,0,0,0,0,   ,0,0,0,0,0,0,,,,,0,,,0
0,0,0,0,0,0,0,   ,0,0,0,0,0,0,,,,,0,,,0
0,0,0,0,0,0,0,   ,0,0,0,0,0,0,,,,,0,,,0
0,0,0,0,0,0,0,   ,0,0,0,0,0,0,,,,,0,,,0
0,0,0,0,0,0,0,   ,0,0,0,0,0,0,,,,,0,,,0
0,0,0,0,0,0,0,   ,0,0,0,0,0,0,,,,,0,,,0
0,0,0,0,0,0,0,   ,0,0,0,0,0,0,,,,,0,,,0
0,0,0,0,0,0,0,   ,0,0,0,0,0,0,,,,,0,,,0
0,0,0,0,0,0,0,   ,0,0,0,0,0,0,,,,,0,,,0
0,0,0,0,0,0,0,   ,0,0,0,0,0,0,,,,,0,,,0
0,0,0,0,0,0,0,   ,0,0,0,0,0,0,,,,,0,,,0
0,0,0,0,0,0,0,   ,0,0,0,0,0,0,,,,,0,,,0
0,0,0,0,0,0,0,   ,0,0,0,0,0,0,,,,,0,,,0
0,0,0,0,0,0,0,   ,0,0,0,0,0,0,,,,,0,,,0
0,0,0,0,0,0,0,   ,0,0,0,0,0,0,,,,,0,,,0
0,0,0,0,0,0,0,   ,0,0,0,0,0,0,,,,,0,,,0
0,0,0,0,0,0,0,   ,0,0,0,0,0,0,,,,,0,,,0
0,0,0,0,0,0,0,   ,0,0,0,0,0,0,,,,,0,,,0
0,0,0,0,0,0,0,   ,0,0,0,0,0,0,,,,,0,,,0
0,0,0,0,0,0,0,   ,0,0,0,0,0,0,,,,,0,,,0
0,0,0,0,0,0,0,   ,0,0,0,0,0,0,,,,,0,,,0
0,0,0,0,0,0,0,   ,0,0,0,0,0,0,,,,,0,,,0
0,0,0,0,0,0,0,   ,0,0,0,0,0,0,,,,,0,,,0
0,0,0,0,0,0,0,   ,0,0,0,0,0,0,,,,,0,,,0
0,0,0,0,0,0,0,   ,0,0,0,0,0,0,,,,,0,,,0
0,0,0,0,0,0,0,   ,0,0,0,0,0,0,,,,,0,,,0
0,0,0,0,0,0,0,   ,0,0,0,0,0,0,,,,,0,,,0
0,0,0,0,0,0,0,   ,0,0,0,0,0,0,,,,,0,,,0
0,0,0,0,0,0,0,   ,0,0,0,0,0,0,,,,,0,,,0
0,0,0,0,0,0,0,   ,0,0,0,0,0,0,,,,,0,,,0
0,0,0,0,0,0,0,   ,0,0,0,0,0,0,,,,,0,,,0
0,0,0,0,0,0,0,   ,0,0,0,0,0,0,,,,,0,,,0
0,0,0,0,0,0,0,   ,0,0,0,0,0,0,,,,,0,,,0
0,0,0,0,0,0,0,   ,0,0,0,0,0,0,,,,,0,,,0
0,0,0,0,0,0,0,   ,0,0,0,0,0,0,,,,,0,,,0
0,0,0,0,0,0,0,   ,0,0,0,0,0,0,,,,,0,,,0
0,0,0,0,0,0,0,   ,0,0,0,0,0,0,,,,,0,,,0
0,0,0,0,0,0,0,   ,0,0,0,0,0,0,,,,,0,,,0
0,0,0,0,0,0,0,   ,0,0,0,0,0,0,,,,,0,,,0
0,0,0,0,0,0,0,   ,0,0,0,0,0,0,,,,,0,,,0
0,0,0,0,0,0,0,   ,0,0,0,0,0,0,,,,,0,,,0
0,0,0,0,0,0,0,   ,0,0,0,0,0,0,,,,,0,,,0
0,0,0,0,0,0,0,   ,0,0,0,0,0,0,,,,,0,,,0
0,0,0,0,0,0,0,   ,0,0,0,0,0,0,,,,,0,,,0
0,0,0,0,0,0,0,   ,0,0,0,0,0,0,,,,,0,,,0
0,0,0,0,0,0,0,   ,0,0,0,0,0,0,,,,,0,,,0
0,0,0,0,0,0,0,   ,0,0,0,0,0,0,,,,,0,,,0
0,0,0,0,0,0,0,   ,0,0,0,0,0,0,,,,,0,,,0
0,0,0,0,0,0,0,   ,0,0,0,0,0,0,,,,,0,,,0
0,0,0,0,0,0,0,   ,0,0,0,0,0,0,,,,,0,,,0
0,0,0,0,0,0,0,   ,0,0,0,0,0,0,,,,,0,,,0
0,0,0,0,0,0,0,   ,0,0,0,0,0,0,,,,,0,,,0
0,0,0,0,0,0,0,   ,0,0,0,0,0,0,,,,,0,,,0
0,0,0,0,0,0,0,   ,0,0,0,0,0,0,,,,,0,,,0
0,0,0,0,0,0,0,   ,0,0,0,0,0,0,,,,,0,,,0
0,0,0,0,0,0,0,   ,0,0,0,0,0,0,,,,,0,,,0
0,0,0,0,0,0,0,   ,0,0,0,0,0,0,,,,,0,,,0
0,0,0,0,0,0,0,   ,0,0,0,0,0,0,,,,,0,,,0
0,0,0,0,0,0,0,   ,0,0,0,0,0,0,,,,,0,,,0
0,0,0,0,0,0,0,   ,0,0,0,0,0,0,,,,,0,,,0
0,0,0,0,0,0,0,   ,0,0,0,0,0,0,,,,,0,,,0
0,0,0,0,0,0,0,   ,0,0,0,0,0,0,,,,,0,,,0
0,0,0,0,0,0,0,   ,0,0,0,0,0,0,,,,,0,,,0
0,0,0,0,0,0,0,   ,0,0,0,0,0,0,,,,,0,,,0
0,0,0,0,0,0,0,   ,0,0,0,0,0,0,,,,,0,,,0
0,0,0,0,0,0,0,   ,0,0,0,0,0,0,,,,,0,,,0
0,0,0,0,0,0,0,   ,0,0,0,0,0,0,,,,,0,,,0
0,0,0,0,0,0,0,   ,0,0,0,0,0,0,,,,,0,,,0
0,0,0,0,0,0,0,   ,0,0,0,0,0,0,,,,,0,,,0
0,0,0,0,0,0,0,   ,0,0,0,0,0,0,,,,,0,,,0
0,0,0,0,0,0,0,   ,0,0,0,0,0,0,,,,,0,,,0
0,0,0,0,0,0,0,   ,0,0,0,0,0,0,,,,,0,,,0
0,0,0,0,0,0,0,   ,0,0,0,0,0,0,,,,,0,,,0
0,0,0,0,0,0,0,   ,0,0,0,0,0,0,,,,,0,,,0
0,0,0,0,0,0,0,   ,0,0,0,0,0,0,,,,,0,,,0
0,0,0,0,0,0,0,   ,0,0,0,0,0,0,,,,,0,,,0
0,0,0,0,0,0,0,   ,0,0,0,0,0,0,,,,,0,,,0
0,0,0,0,0,0,0,   ,0,0,0,0,0,0,,,,,0,,,0
0,0,0,0,0,0,0,   ,0,0,0,0,0,0,,,,,0,,,0
0,0,0,0,0,0,0,   ,0,0,0,0,0,0,,,,,0,,,0
0,0,0,0,0,0,0,   ,0,0,0,0,0,0,,,,,0,,,0
0,0,0,0,0,0,0,   ,0,0,0,0,0,0,,,,,0,,,0
0,0,0,0,0,0,0,   ,0,0,0,0,0,0,,,,,0,,,0
0,0,0,0,0,0,0,   ,0,0,0,0,0,0,,,,,0,,,0
0,0,0,0,0,0,0,   ,0,0,0,0,0,0,,,,,0,,,0
0,0,0,0,0,0,0,   ,0,0,0,0,0,0,,,,,0,,,0
0,0,0,0,0,0,0,   ,0,0,0,0,0,0,,,,,0,,,0
0,0,0,0,0,0,0,   ,0,0,0,0,0,0,,,,,0,,,0
0,0,0,0,0,0,0,   ,0,0,0,0,0,0,,,,,0,,,0
0,0,0,0,0,0,0,   ,0,0,0,0,0,0,,,,,0,,,0
0,0,0,0,0,0,0,   ,0,0,0,0,0,0,,,,,0,,,0
0,0,0,0,0,0,0,   ,0,0,0,0,0,0,,,,,0,,,0
0,0,0,0,0,0,0,   ,0,0,0,0,0,0,,,,,0,,,0
0,0,0,0,0,0,0,   ,0,0,0,0,0,0,,,,,0,,,0
0,0,0,0,0,0,0,   ,0,0,0,0,0,0,,,,,0,,,0
0,0,0,0,0,0,0,   ,0,0,0,0,0,0,,,,,0,,,0
0,0,0,0,0,0,0,   ,0,0,0,0,0,0,,,,,0,,,0
0,0,0,0,0,0,0,   ,0,0,0,0,0,0,,,,,0,,,0
0,0,0,0,0,0,0,   ,0,0,0,0,0,0,,,,,0,,,0
0,0,0,0,0,0,0,   ,0,0,0,0,0,0,,,,,0,,,0
0,0,0,0,0,0,0,   ,0,0,0,0,0,0,,,,,0,,,0
0,0,0,0,0,0,0,   ,0,0,0,0,0,0,,,,,0,,,0
0,0,0,0,0,0,0,   ,0,0,0,0,0,0,,,,,0,,,0
0,0,0,0,0,0,0,   ,0,0,0,0,0,0,,,,,0,,,0
0,0,0,0,0,0,0,   ,0,0,0,0,0,0,,,,,0,,,0
0,0,0,0,0,0,0,   ,0,0,0,0,0,0,,,,,0,,,0
0,0,0,0,0,0,0,   ,0,0,0,0,0,0,,,,,0,,,0
0,0,0,0,0,0,0,   ,0,0,0,0,0,0,,,,,0,,,0
0,0,0,0,0,0,0,   ,0,0,0,0,0,0,,,,,0,,,0
0,0,0,0,0,0,0,   ,0,0,0,0,0,0,,,,,0,,,0
0,0,0,0,0,0,0,   ,0,0,0,0,0,0,,,,,0,,,0
0,0,0,0,0,0,0,   ,0,0,0,0,0,0,,,,,0,,,0
0,0,0,0,0,0,0,   ,0,0,0,0,0,0,,,,,0,,,0
0,0,0,0,0,0,0,   ,0,0,0,0,0,0,,,,,0,,,0
0,0,0,0,0,0,0,   ,0,0,0,0,0,0,,,,,0,,,0
0,0,0,0,0,0,0,   ,0,0,0,0,0,0,,,,,0,,,0
0,0,0,0,0,0,0,   ,0,0,0,0,0,0,,,,,0,,,0
0,0,0,0,0,0,0,   ,0,0,0,0,0,0,,,,,0,,,0
0,0,0,0,0,0,0,   ,0,0,0,0,0,0,,,,,0,,,0
0,0,0,0,0,0,0,   ,0,0,0,0,0,0,,,,,0,,,0
0,0,0,0,0,0,0,   ,0,0,0,0,0,0,,,,,0,,,0
0,0,0,0,0,0,0,   ,0,0,0,0,0,0,,,,,0,,,0
0,0,0,0,0,0,0,   ,0,0,0,0,0,0,,,,,0,,,0
0,0,0,0,0,0,0,   ,0,0,0,0,0,0,,,,,0,,,0
0,0,0,0,0,0,0,   ,0,0,0,0,0,0,,,,,0,,,0
0,0,0,0,0,0,0,   ,0,0,0,0,0,0,,,,,0,,,0
0,0,0,0,0,0,0,   ,0,0,0,0,0,0,,,,,0,,,0
0,0,0,0,0,0,0,   ,0,0,0,0,0,0,,,,,0,,,0
0,0,0,0,0,0,0,   ,0,0,0,0,0,0,,,,,0,,,0
0,0,0,0,0,0,0,   ,0,0,0,0,0,0,,,,,0,,,0
0,0,0,0,0,0,0,   ,0,0,0,0,0,0,,,,,0,,,0
0,0,0,0,0,0,0,   ,0,0,0,0,0,0,,,,,0,,,0
0,0,0,0,0,0,0,   ,0,0,0,0,0,0,,,,,0,,,0
0,0,0,0,0,0,0,   ,0,0,0,0,0,0,,,,,0,,,0
0,0,0,0,0,0,0,   ,0,0,0,0,0,0,,,,,0,,,0
0,0,0,0,0,0,0,   ,0,0,0,0,0,0,,,,,0,,,0
0,0,0,0,0,0,0,   ,0,0,0,0,0,0,,,,,0,,,0
0,0,0,0,0,0,0,   ,0,0,0,0,0,0,,,,,0,,,0
0,0,0,0,0,0,0,   ,0,0,0,0,0,0,,,,,0,,,0
0,0,0,0,0,0,0,   ,0,0,0,0,0,0,,,,,0,,,0
0,0,0,0,0,0,0,   ,0,0,0,0,0,0,,,,,0,,,0
0,0,0,0,0,0,0,   ,0,0,0,0,0,0,,,,,0,,,0
0,0,0,0,0,0,0,   ,0,0,0,0,0,0,,,,,0,,,0
0,0,0,0,0,0,0,   ,0,0,0,0,0,0,,,,,0,,,0
0,0,0,0,0,0,0,   ,0,0,0,0,0,0,,,,,0,,,0
0,0,0,0,0,0,0,   ,0,0,0,0,0,0,,,,,0,,,0
0,0,0,0,0,0,0,   ,0,0,0,0,0,0,,,,,0,,,0
0,0,0,0,0,0,0,   ,0,0,0,0,0,0,,,,,0,,,0
0,0,0,0,0,0,0,   ,0,0,0,0,0,0,,,,,0,,,0
0,0,0,0,0,0,0,   ,0,0,0,0,0,0,,,,,0,,,0
0,0,0,0,0,0,0,   ,0,0,0,0,0,0,,,,,0,,,0
0,0,0,0,0,0,0,   ,0,0,0,0,0,0,,,,,0,,,0
0,0,0,0,0,0,0,   ,0,0,0,0,0,0,,,,,0,,,0
0,0,0,0,0,0,0,   ,0,0,0,0,0,0,,,,,0,,,0
0,0,0,0,0,0,0,   ,0,0,0,0,0,0,,,,,0,,,0
0,0,0,0,0,0,0,   ,0,0,0,0,0,0,,,,,0,,,0
0,0,0,0,0,0,0,   ,0,0,0,0,0,0,,,,,0,,,0
0,0,0,0,0,0,0,   ,0,0,0,0,0,0,,,,,0,,,0
0,0,0,0,0,0,0,   ,0,0,0,0,0,0,,,,,0,,,0
0,0,0,0,0,0,0,   ,0,0,0,0,0,0,,,,,0,,,0
0,0,0,0,0,0,0,   ,0,0,0,0,0,0,,,,,0,,,0
0,0,0,0,0,0,0,   ,0,0,0,0,0,0,,,,,0,,,0
0,0,0,0,0,0,0,   ,0,0,0,0,0,0,,,,,0,,,0
0,0,0,0,0,0,0,   ,0,0,0,0,0,0,,,,,0,,,0
0,0,0,0,0,0,0,   ,0,0,0,0,0,0,,,,,0,,,0
0,0,0,0,0,0,0,   ,0,0,0,0,0,0,,,,,0,,,0
0,0,0,0,0,0,0,   ,0,0,0,0,0,0,,,,,0,,,0
0,0,0,0,0,0,0,   ,0,0,0,0,0,0,,,,,0,,,0
0,0,0,0,0,0,0,   ,0,0,0,0,0,0,,,,,0,,,0
0,0,0,0,0,0,0,   ,0,0,0,0,0,0,,,,,0,,,0
0,0,0,0,0,0,0,   ,0,0,0,0,0,0,,,,,0,,,0
0,0,0,0,0,0,0,   ,0,0,0,0,0,0,,,,,0,,,0
0,0,0,0,0,0,0,   ,0,0,0,0,0,0,,,,,0,,,0
0,0,0,0,0,0,0,   ,0,0,0,0,0,0,,,,,0,,,0
0,0,0,0,0,0,0,   ,0,0,0,0,0,0,,,,,0,,,0
0,0,0,0,0,0,0,   ,0,0,0,0,0,0,,,,,0,,,0
0,0,0,0,0,0,0,   ,0,0,0,0,0,0,,,,,0,,,0
0,0,0,0,0,0,0,   ,0,0,0,0,0,0,,,,,0,,,0
0,0,0,0,0,0,0,   ,0,0,0,0,0,0,,,,,0,,,0
0,0,0,0,0,0,0,   ,0,0,0,0,0,0,,,,,0,,,0
0,0,0,0,0,0,0,   ,0,0,0,0,0,0,,,,,0,,,0
0,0,0,0,0,0,0,   ,0,0,0,0,0,0,,,,,0,,,0
0,0,0,0,0,0,0,   ,0,0,0,0,0,0,,,,,0,,,0
0,0,0,0,0,0,0,   ,0,0,0,0,0,0,,,,,0,,,0
0,0,0,0,0,0,0,   ,0,0,0,0,0,0,,,,,0,,,0
0,0,0,0,0,0,0,   ,0,0,0,0,0,0,,,,,0,,,0
0,0,0,0,0,0,0,   ,0,0,0,0,0,0,,,,,0,,,0
0,0,0,0,0,0,0,   ,0,0,0,0,0,0,,,,,0,,,0
0,0,0,0,0,0,0,   ,0,0,0,0,0,0,,,,,0,,,0
0,0,0,0,0,0,0,   ,0,0,0,0,0,0,,,,,0,,,0
0,0,0,0,0,0,0,   ,0,0,0,0,0,0,,,,,0,,,0
0,0,0,0,0,0,0,   ,0,0,0,0,0,0,,,,,0,,,0
0,0,0,0,0,0,0,   ,0,0,0,0,0,0,,,,,0,,,0
0,0,0,0,0,0,0,   ,0,0,0,0,0,0,,,,,0,,,0
0,0,0,0,0,0,0,   ,0,0,0,0,0,0,,,,,0,,,0
0,0,0,0,0,0,0,   ,0,0,0,0,0,0,,,,,0,,,0
0,0,0,0,0,0,0,   ,0,0,0,0,0,0,,,,,0,,,0
0,0,0,0,0,0,0,   ,0,0,0,0,0,0,,,,,0,,,0
0,0,0,0,0,0,0,   ,0,0,0,0,0,0,,,,,0,,,0
0,0,0,0,0,0,0,   ,0,0,0,0,0,0,,,,,0,,,0
0,0,0,0,0,0,0,   ,0,0,0,0,0,0,,,,,0,,,0
0,0,0,0,0,0,0,   ,0,0,0,0,0,0,,,,,0,,,0
0,0,0,0,0,0,0,   ,0,0,0,0,0,0,,,,,0,,,0
0,0,0,0,0,0,0,   ,0,0,0,0,0,0,,,,,0,,,0
0,0,0,0,0,0,0,   ,0,0,0,0,0,0,,,,,0,,,0
0,0,0,0,0,0,0,   ,0,0,0,0,0,0,,,,,0,,,0
0,0,0,0,0,0,0,   ,0,0,0,0,0,0,,,,,0,,,0
0,0,0,0,0,0,0,   ,0,0,0,0,0,0,,,,,0,,,0
0,0,0,0,0,0,0,   ,0,0,0,0,0,0,,,,,0,,,0
0,0,0,0,0,0,0,   ,0,0,0,0,0,0,,,,,0,,,0
0,0,0,0,0,0,0,   ,0,0,0,0,0,0,,,,,0,,,0
0,0,0,0,0,0,0,   ,0,0,0,0,0,0,,,,,0,,,0
0,0,0,0,0,0,0,   ,0,0,0,0,0,0,,,,,0,,,0
0,0,0,0,0,0,0,   ,0,0,0,0,0,0,,,,,0,,,0
0,0,0,0,0,0,0,   ,0,0,0,0,0,0,,,,,0,,,0
0,0,0,0,0,0,0,   ,0,0,0,0,0,0,,,,,0,,,0
0,0,0,0,0,0,0,   ,0,0,0,0,0,0,,,,,0,,,0
0,0,0,0,0,0,0,   ,0,0,0,0,0,0,,,,,0,,,0
0,0,0,0,0,0,0,   ,0,0,0,0,0,0,,,,,0,,,0
0,0,0,0,0,0,0,   ,0,0,0,0,0,0,,,,,0,,,0
0,0,0,0,0,0,0,   ,0,0,0,0,0,0,,,,,0,,,0
0,0,0,0,0,0,0,   ,0,0,0,0,0,0,,,,,0,,,0
0,0,0,0,0,0,0,   ,0,0,0,0,0,0,,,,,0,,,0
0,0,0,0,0,0,0,   ,0,0,0,0,0,0,,,,,0,,,0
0,0,0,0,0,0,0,   ,0,0,0,0,0,0,,,,,0,,,0
0,0,0,0,0,0,0,   ,0,0,0,0,0,0,,,,,0,,,0
0,0,0,0,0,0,0,   ,0,0,0,0,0,0,,,,,0,,,0
0,0,0,0,0,0,0,   ,0,0,0,0,0,0,,,,,0,,,0
0,0,0,0,0,0,0,   ,0,0,0,0,0,0,,,,,0,,,0
0,0,0,0,0,0,0,   ,0,0,0,0,0,0,,,,,0,,,0
0,0,0,0,0,0,0,   ,0,0,0,0,0,0,,,,,0,,,0
0,0,0,0,0,0,0,   ,0,0,0,0,0,0,,,,,0,,,0
0,0,0,0,0,0,0,   ,0,0,0,0,0,0,,,,,0,,,0
0,0,0,0,0,0,0,   ,0,0,0,0,0,0,,,,,0,,,0
0,0,0,0,0,0,0,   ,0,0,0,0,0,0,,,,,0,,,0
0,0,0,0,0,0,0,   ,0,0,0,0,0,0,,,,,0,,,0
0,0,0,0,0,0,0,   ,0,0,0,0,0,0,,,,,0,,,0
0,0,0,0,0,0,0,   ,0,0,0,0,0,0,,,,,0,,,0
0,0,0,0,0,0,0,   ,0,0,0,0,0,0,,,,,0,,,0
0,0,0,0,0,0,0,   ,0,0,0,0,0,0,,,,,0,,,0
0,0,0,0,0,0,0,   ,0,0,0,0,0,0,,,,,0,,,0
0,0,0,0,0,0,0,   ,0,0,0,0,0,0,,,,,0,,,0
0,0,0,0,0,0,0,   ,0,0,0,0,0,0,,,,,0,,,0
0,0,0,0,0,0,0,   ,0,0,0,0,0,0,,,,,0,,,0
0,0,0,0,0,0,0,   ,0,0,0,0,0,0,,,,,0,,,0
0,0,0,0,0,0,0,   ,0,0,0,0,0,0,,,,,0,,,0
0,0,0,0,0,0,0,   ,0,0,0,0,0,0,,,,,0,,,0
0,0,0,0,0,0,0,   ,0,0,0,0,0,0,,,,,0,,,0
0,0,0,0,0,0,0,   ,0,0,0,0,0,0,,,,,0,,,0
0,0,0,0,0,0,0,   ,0,0,0,0,0,0,,,,,0,,,0
0,0,0,0,0,0,0,   ,0,0,0,0,0,0,,,,,0,,,0
0,0,0,0,0,0,0,   ,0,0,0,0,0,0,,,,,0,,,0
0,0,0,0,0,0,0,   ,0,0,0,0,0,0,,,,,0,,,0
0,0,0,0,0,0,0,   ,0,0,0,0,0,0,,,,,0,,,0
0,0,0,0,0,0,0,   ,0,0,0,0,0,0,,,,,0,,,0
0,0,0,0,0,0,0,   ,0,0,0,0,0,0,,,,,0,,,0
0,0,0,0,0,0,0,   ,0,0,0,0,0,0,,,,,0,,,0
0,0,0,0,0,0,0,   ,0,0,0,0,0,0,,,,,0,,,0
0,0,0,0,0,0,0,   ,0,0,0,0,0,0,,,,,0,,,0
0,0,0,0,0,0,0,   ,0,0,0,0,0,0,,,,,0,,,0
0,0,0,0,0,0,0,   ,0,0,0,0,0,0,,,,,0,,,0
0,0,0,0,0,0,0,   ,0,0,0,0,0,0,,,,,0,,,0
0,0,0,0,0,0,0,   ,0,0,0,0,0,0,,,,,0,,,0
0,0,0,0,0,0,0,   ,0,0,0,0,0,0,,,,,0,,,0
0,0,0,0,0,0,0,   ,0,0,0,0,0,0,,,,,0,,,0
0,0,0,0,0,0,0,   ,0,0,0,0,0,0,,,,,0,,,0
0,0,0,0,0,0,0,   ,0,0,0,0,0,0,,,,,0,,,0
0,0,0,0,0,0,0,   ,0,0,0,0,0,0,,,,,0,,,0
0,0,0,0,0,0,0,   ,0,0,0,0,0,0,,,,,0,,,0
0,0,0,0,0,0,0,   ,0,0,0,0,0,0,,,,,0,,,0
0,0,0,0,0,0,0,   ,0,0,0,0,0,0,,,,,0,,,0
0,0,0,0,0,0,0,   ,0,0,0,0,0,0,,,,,0,,,0
0,0,0,0,0,0,0,   ,0,0,0,0,0,0,,,,,0,,,0
0,0,0,0,0,0,0,   ,0,0,0,0,0,0,,,,,0,,,0
0,0,0,0,0,0,0,   ,0,0,0,0,0,0,,,,,0,,,0
0,0,0,0,0,0,0,   ,0,0,0,0,0,0,,,,,0,,,0
0,0,0,0,0,0,0,   ,0,0,0,0,0,0,,,,,0,,,0
0,0,0,0,0,0,0,   ,0,0,0,0,0,0,,,,,0,,,0
0,0,0,0,0,0,0,   ,0,0,0,0,0,0,,,,,0,,,0
0,0,0,0,0,0,0,   ,0,0,0,0,0,0,,,,,0,,,0
0,0,0,0,0,0,0,   ,0,0,0,0,0,0,,,,,0,,,0
0,0,0,0,0,0,0,   ,0,0,0,0,0,0,,,,,0,,,0
0,0,0,0,0,0,0,   ,0,0,0,0,0,0,,,,,0,,,0
0,0,0,0,0,0,0,   ,0,0,0,0,0,0,,,,,0,,,0
0,0,0,0,0,0,0,   ,0,0,0,0,0,0,,,,,0,,,0
0,0,0,0,0,0,0,   ,0,0,0,0,0,0,,,,,0,,,0
0,0,0,0,0,0,0,   ,0,0,0,0,0,0,,,,,0,,,0
0,0,0,0,0,0,0,   ,0,0,0,0,0,0,,,,,0,,,0
0,0,0,0,0,0,0,   ,0,0,0,0,0,0,,,,,0,,,0
0,0,0,0,0,0,0,   ,0,0,0,0,0,0,,,,,0,,,0
0,0,0,0,0,0,0,   ,0,0,0,0,0,0,,,,,0,,,0
0,0,0,0,0,0,0,   ,0,0,0,0,0,0,,,,,0,,,0
0,0,0,0,0,0,0,   ,0,0,0,0,0,0,,,,,0,,,0
0,0,0,0,0,0,0,   ,0,0,0,0,0,0,,,,,0,,,0
0,0,0,0,0,0,0,   ,0,0,0,0,0,0,,,,,0,,,0
0,0,0,0,0,0,0,   ,0,0,0,0,0,0,,,,,0,,,0
0,0,0,0,0,0,0,   ,0,0,0,0,0,0,,,,,0,,,0
0,0,0,0,0,0,0,   ,0,0,0,0,0,0,,,,,0,,,0
0,0,0,0,0,0,0,   ,0,0,0,0,0,0,,,,,0,,,0
0,0,0,0,0,0,0,   ,0,0,0,0,0,0,,,,,0,,,0
0,0,0,0,0,0,0,   ,0,0,0,0,0,0,,,,,0,,,0
0,0,0,0,0,0,0,   ,0,0,0,0,0,0,,,,,0,,,0
0,0,0,0,0,0,0,   ,0,0,0,0,0,0,,,,,0,,,0
0,0,0,0,0,0,0,   ,0,0,0,0,0,0,,,,,0,,,0
0,0,0,0,0,0,0,   ,0,0,0,0,0,0,,,,,0,,,0
0,0,0,0,0,0,0,   ,0,0,0,0,0,0,,,,,0,,,0
0,0,0,0,0,0,0,   ,0,0,0,0,0,0,,,,,0,,,0
